TransactionID,TransactionDate,YearMonth,Year,MonthNum,MonthName,CustomerID,CustomerName,AgeGroup,Gender,City,CardType,CardLimit,TransactionCategory,Merchant,PaymentMode,TransactionAmount,Fees,RewardPoints,PaymentStatus,TotalDue,UtilizationPct,IsFraudFlag
TXN00437,2024-01-02,2024-01,2024,1,January,CUST5420,Customer CUST5420,26-35,Male,Delhi,MoneyBack,300000,Bills & Utilities,HP Fuel,NetBanking,11108,199.94,11108,Paid,11307.94,10.01,0
TXN00028,2024-01-02,2024-01,2024,1,January,CUST3041,Customer CUST3041,36-45,Female,Ahmedabad,Diners Black,800000,Travel,DMart,UPI AutoPay,2492,44.86,4984,Due,2536.86,0.7,0
TXN00269,2024-01-03,2024-01,2024,1,January,CUST2741,Customer CUST2741,18-25,Male,Pune,Diners Black,800000,Entertainment,BookMyShow,Credit Card,20963,209.63,83852,Overdue,21172.63,6.54,0
TXN00388,2024-01-05,2024-01,2024,1,January,CUST2689,Customer CUST2689,36-45,Male,Chennai,Millennia,500000,Bills & Utilities,IRCTC,NetBanking,19673,0.0,39346,Paid,19673.0,17.93,0
TXN00412,2024-01-09,2024-01,2024,1,January,CUST5641,Customer CUST5641,36-45,Male,Delhi,Millennia,500000,Travel,Swiggy,Credit Card,3401,61.22,3401,Overdue,3462.22,1.64,0
TXN00069,2024-01-09,2024-01,2024,1,January,CUST4588,Customer CUST4588,26-35,Female,Mumbai,Infinia,800000,Bills & Utilities,Amazon,NetBanking,16476,164.76,16476,Paid,16640.76,8.67,0
TXN00310,2024-01-11,2024-01,2024,1,January,CUST4795,Customer CUST4795,26-35,Male,Ahmedabad,Infinia,800000,Shopping,HP Fuel,Credit Card,6581,0.0,26324,Overdue,6581.0,2.52,0
TXN00319,2024-01-13,2024-01,2024,1,January,CUST4066,Customer CUST4066,36-45,Male,Ahmedabad,MoneyBack,800000,Fuel,IRCTC,UPI AutoPay,3501,35.01,7002,Overdue,3536.01,1.95,0
TXN00336,2024-01-13,2024-01,2024,1,January,CUST2539,Customer CUST2539,26-35,Female,Delhi,Regalia,100000,Travel,DMart,NetBanking,14714,0.0,58856,Due,14714.0,26.44,0
TXN00450,2024-01-13,2024-01,2024,1,January,CUST8278,Customer CUST8278,46-60,Female,Chennai,Diners Black,100000,Shopping,IRCTC,Credit Card,10295,102.95,41180,Overdue,10397.95,19.18,0
TXN00345,2024-01-14,2024-01,2024,1,January,CUST7814,Customer CUST7814,36-45,Male,Ahmedabad,MoneyBack,100000,Entertainment,IRCTC,NetBanking,2820,28.2,11280,Paid,2848.2,6.89,0
TXN00358,2024-01-15,2024-01,2024,1,January,CUST9814,Customer CUST9814,26-35,Male,Pune,Millennia,300000,Shopping,Croma,NetBanking,14947,149.47,14947,Due,15096.47,9.15,0
TXN00049,2024-01-15,2024-01,2024,1,January,CUST9042,Customer CUST9042,18-25,Male,Bengaluru,Diners Black,200000,Groceries,IRCTC,UPI AutoPay,1986,35.75,3972,Due,2021.75,3.53,0
TXN00494,2024-01-15,2024-01,2024,1,January,CUST4121,Customer CUST4121,36-45,Female,Kolkata,MoneyBack,200000,Entertainment,BookMyShow,UPI AutoPay,22272,222.72,22272,Paid,22494.72,42.92,0
TXN00338,2024-01-16,2024-01,2024,1,January,CUST8786,Customer CUST8786,26-35,Female,Bengaluru,Diners Black,100000,Fuel,Zomato,Credit Card,4120,41.2,4120,Paid,4161.2,20.09,0
TXN00156,2024-01-16,2024-01,2024,1,January,CUST4350,Customer CUST4350,46-60,Male,Ahmedabad,Regalia,200000,Bills & Utilities,Croma,UPI AutoPay,4044,72.79,8088,Due,4116.79,7.65,0
TXN00436,2024-01-17,2024-01,2024,1,January,CUST8452,Customer CUST8452,46-60,Male,Hyderabad,Diners Black,800000,Dining,DMart,Credit Card,23245,232.45,92980,Due,23477.45,3.19,0
TXN00362,2024-01-19,2024-01,2024,1,January,CUST2015,Customer CUST2015,36-45,Female,Pune,Diners Black,800000,Shopping,Swiggy,NetBanking,20687,206.87,20687,Due,20893.87,5.44,1
TXN00040,2024-01-21,2024-01,2024,1,January,CUST8619,Customer CUST8619,36-45,Female,Bengaluru,Regalia,800000,Dining,Amazon,NetBanking,15717,282.91,15717,Overdue,15999.91,9.41,0
TXN00147,2024-01-23,2024-01,2024,1,January,CUST7941,Customer CUST7941,36-45,Male,Kolkata,Diners Black,800000,Entertainment,Croma,Credit Card,298,5.36,298,Paid,303.36,0.05,0
TXN00350,2024-01-23,2024-01,2024,1,January,CUST8542,Customer CUST8542,36-45,Male,Chennai,Infinia,200000,Fuel,Amazon,UPI AutoPay,18429,331.72,73716,Due,18760.72,12.69,1
TXN00026,2024-01-25,2024-01,2024,1,January,CUST7548,Customer CUST7548,36-45,Male,Ahmedabad,MoneyBack,300000,Shopping,Zomato,UPI AutoPay,9329,0.0,18658,Paid,9329.0,11.09,0
TXN00454,2024-01-30,2024-01,2024,1,January,CUST8144,Customer CUST8144,36-45,Female,Delhi,Diners Black,300000,Travel,Zomato,UPI AutoPay,2386,42.95,9544,Overdue,2428.95,2.64,0
TXN00483,2024-01-30,2024-01,2024,1,January,CUST8960,Customer CUST8960,18-25,Male,Chennai,Diners Black,100000,Bills & Utilities,Zomato,UPI AutoPay,18245,0.0,72980,Overdue,18245.0,88.58,0
TXN00148,2024-02-02,2024-02,2024,2,February,CUST7266,Customer CUST7266,46-60,Female,Chennai,MoneyBack,500000,Dining,DMart,Credit Card,4637,83.47,18548,Overdue,4720.47,2.32,1
TXN00420,2024-02-06,2024-02,2024,2,February,CUST9856,Customer CUST9856,36-45,Female,Ahmedabad,Millennia,500000,Bills & Utilities,Croma,UPI AutoPay,19629,0.0,39258,Paid,19629.0,4.91,0
TXN00284,2024-02-08,2024-02,2024,2,February,CUST4729,Customer CUST4729,36-45,Female,Delhi,Millennia,100000,Groceries,DMart,UPI AutoPay,6032,60.32,24128,Overdue,6092.32,19.9,0
TXN00140,2024-02-08,2024-02,2024,2,February,CUST9901,Customer CUST9901,46-60,Male,Mumbai,Diners Black,300000,Fuel,Croma,UPI AutoPay,19951,0.0,39902,Due,19951.0,18.74,1
TXN00027,2024-02-09,2024-02,2024,2,February,CUST9379,Customer CUST9379,18-25,Female,Delhi,Infinia,500000,Travel,Flipkart,UPI AutoPay,11527,207.49,23054,Paid,11734.49,7.9,0
TXN00296,2024-02-10,2024-02,2024,2,February,CUST3848,Customer CUST3848,46-60,Female,Pune,Millennia,300000,Bills & Utilities,HP Fuel,NetBanking,17284,311.11,34568,Overdue,17595.11,19.1,0
TXN00370,2024-02-10,2024-02,2024,2,February,CUST5989,Customer CUST5989,36-45,Female,Kolkata,Infinia,300000,Entertainment,Amazon,UPI AutoPay,20865,0.0,20865,Due,20865.0,19.18,0
TXN00279,2024-02-10,2024-02,2024,2,February,CUST6866,Customer CUST6866,18-25,Female,Bengaluru,Diners Black,300000,Fuel,Croma,Credit Card,1866,33.59,7464,Paid,1899.59,1.84,0
TXN00429,2024-02-14,2024-02,2024,2,February,CUST2160,Customer CUST2160,26-35,Female,Delhi,Millennia,500000,Fuel,HP Fuel,UPI AutoPay,5963,0.0,5963,Paid,5963.0,3.65,0
TXN00424,2024-02-16,2024-02,2024,2,February,CUST7060,Customer CUST7060,26-35,Female,Bengaluru,Diners Black,500000,Groceries,Flipkart,NetBanking,4156,41.56,4156,Paid,4197.56,1.39,1
TXN00376,2024-02-20,2024-02,2024,2,February,CUST5889,Customer CUST5889,36-45,Male,Bengaluru,Regalia,200000,Groceries,Swiggy,Credit Card,21606,216.06,21606,Due,21822.06,47.7,1
TXN00127,2024-02-21,2024-02,2024,2,February,CUST2761,Customer CUST2761,46-60,Male,Chennai,MoneyBack,300000,Fuel,IRCTC,NetBanking,21638,389.48,43276,Due,22027.48,22.7,0
TXN00033,2024-02-21,2024-02,2024,2,February,CUST6198,Customer CUST6198,46-60,Female,Ahmedabad,Millennia,800000,Travel,Croma,UPI AutoPay,4569,45.69,18276,Paid,4614.69,2.83,0
TXN00438,2024-02-22,2024-02,2024,2,February,CUST2097,Customer CUST2097,26-35,Male,Delhi,MoneyBack,300000,Shopping,HP Fuel,Credit Card,15448,278.06,15448,Overdue,15726.06,12.7,0
TXN00022,2024-02-22,2024-02,2024,2,February,CUST5291,Customer CUST5291,26-35,Female,Delhi,MoneyBack,300000,Entertainment,Croma,NetBanking,9266,0.0,9266,Due,9266.0,12.62,0
TXN00132,2024-02-22,2024-02,2024,2,February,CUST4968,Customer CUST4968,18-25,Male,Hyderabad,Regalia,500000,Fuel,Flipkart,Credit Card,20811,374.6,83244,Due,21185.6,6.62,0
TXN00195,2024-02-23,2024-02,2024,2,February,CUST1017,Customer CUST1017,26-35,Female,Kolkata,Diners Black,100000,Bills & Utilities,Zomato,Credit Card,23119,0.0,46238,Overdue,23119.0,88.19,1
TXN00103,2024-02-23,2024-02,2024,2,February,CUST3626,Customer CUST3626,36-45,Female,Hyderabad,Diners Black,100000,Fuel,Croma,Credit Card,3561,64.1,14244,Due,3625.1,7.62,0
TXN00087,2024-02-23,2024-02,2024,2,February,CUST7947,Customer CUST7947,46-60,Female,Bengaluru,Regalia,100000,Entertainment,DMart,UPI AutoPay,20445,0.0,81780,Paid,20445.0,42.7,0
TXN00300,2024-02-27,2024-02,2024,2,February,CUST5644,Customer CUST5644,18-25,Male,Bengaluru,Diners Black,800000,Dining,BookMyShow,NetBanking,17129,171.29,68516,Due,17300.29,7.6,0
TXN00018,2024-02-28,2024-02,2024,2,February,CUST5033,Customer CUST5033,18-25,Male,Delhi,Regalia,200000,Groceries,DMart,NetBanking,19698,0.0,78792,Overdue,19698.0,25.76,0
TXN00413,2024-02-28,2024-02,2024,2,February,CUST3128,Customer CUST3128,46-60,Male,Ahmedabad,Infinia,100000,Bills & Utilities,Zomato,NetBanking,4190,75.42,4190,Paid,4265.42,18.54,0
TXN00252,2024-02-29,2024-02,2024,2,February,CUST2442,Customer CUST2442,26-35,Female,Mumbai,MoneyBack,200000,Shopping,DMart,UPI AutoPay,7061,0.0,28244,Due,7061.0,10.44,0
TXN00124,2024-03-02,2024-03,2024,3,March,CUST6121,Customer CUST6121,36-45,Female,Bengaluru,MoneyBack,300000,Travel,DMart,Credit Card,16067,160.67,16067,Due,16227.67,18.35,0
TXN00036,2024-03-04,2024-03,2024,3,March,CUST1096,Customer CUST1096,36-45,Female,Ahmedabad,MoneyBack,800000,Travel,DMart,UPI AutoPay,19339,348.1,19339,Overdue,19687.1,6.1,1
TXN00309,2024-03-06,2024-03,2024,3,March,CUST7564,Customer CUST7564,36-45,Male,Chennai,Regalia,500000,Shopping,Amazon,NetBanking,2822,50.8,2822,Due,2872.8,2.67,0
TXN00484,2024-03-06,2024-03,2024,3,March,CUST9196,Customer CUST9196,18-25,Female,Kolkata,Diners Black,200000,Bills & Utilities,BookMyShow,Credit Card,21742,0.0,43484,Paid,21742.0,21.14,0
TXN00360,2024-03-09,2024-03,2024,3,March,CUST7332,Customer CUST7332,26-35,Female,Kolkata,Diners Black,100000,Bills & Utilities,Croma,NetBanking,21830,218.3,21830,Paid,22048.3,47.37,0
TXN00208,2024-03-11,2024-03,2024,3,March,CUST7044,Customer CUST7044,26-35,Female,Hyderabad,Diners Black,800000,Entertainment,IRCTC,NetBanking,10380,103.8,10380,Overdue,10483.8,3.67,1
TXN00333,2024-03-11,2024-03,2024,3,March,CUST9060,Customer CUST9060,26-35,Female,Bengaluru,Regalia,800000,Shopping,Swiggy,Credit Card,3816,68.69,7632,Paid,3884.69,1.34,0
TXN00077,2024-03-11,2024-03,2024,3,March,CUST3370,Customer CUST3370,26-35,Female,Ahmedabad,Infinia,800000,Dining,Amazon,Credit Card,7834,78.34,7834,Overdue,7912.34,0.99,0
TXN00086,2024-03-12,2024-03,2024,3,March,CUST6585,Customer CUST6585,26-35,Female,Bengaluru,Millennia,500000,Groceries,IRCTC,NetBanking,24648,443.66,24648,Due,25091.66,13.21,0
TXN00497,2024-03-15,2024-03,2024,3,March,CUST1745,Customer CUST1745,18-25,Female,Delhi,Infinia,500000,Groceries,Croma,NetBanking,1907,19.07,1907,Due,1926.07,1.77,0
TXN00229,2024-03-16,2024-03,2024,3,March,CUST2525,Customer CUST2525,36-45,Female,Pune,Regalia,800000,Travel,Swiggy,UPI AutoPay,5472,98.5,5472,Overdue,5570.5,3.26,1
TXN00266,2024-03-17,2024-03,2024,3,March,CUST7203,Customer CUST7203,46-60,Male,Hyderabad,Diners Black,800000,Dining,Zomato,UPI AutoPay,11042,110.42,11042,Due,11152.42,2.61,0
TXN00460,2024-03-20,2024-03,2024,3,March,CUST9412,Customer CUST9412,18-25,Female,Mumbai,MoneyBack,100000,Entertainment,Zomato,UPI AutoPay,14331,0.0,14331,Paid,14331.0,16.21,0
TXN00004,2024-03-21,2024-03,2024,3,March,CUST4733,Customer CUST4733,36-45,Male,Chennai,Infinia,100000,Entertainment,Flipkart,Credit Card,12050,216.9,12050,Due,12266.9,14.26,0
TXN00232,2024-03-24,2024-03,2024,3,March,CUST9914,Customer CUST9914,46-60,Male,Hyderabad,Millennia,300000,Shopping,HP Fuel,UPI AutoPay,13224,132.24,26448,Due,13356.24,6.01,1
TXN00145,2024-03-24,2024-03,2024,3,March,CUST9972,Customer CUST9972,26-35,Male,Hyderabad,Infinia,100000,Bills & Utilities,Amazon,UPI AutoPay,12054,0.0,48216,Overdue,12054.0,15.03,0
TXN00202,2024-03-25,2024-03,2024,3,March,CUST3545,Customer CUST3545,36-45,Female,Bengaluru,Diners Black,200000,Groceries,Zomato,UPI AutoPay,10355,0.0,41420,Overdue,10355.0,25.36,0
TXN00373,2024-03-28,2024-03,2024,3,March,CUST3799,Customer CUST3799,36-45,Male,Kolkata,Infinia,500000,Fuel,Amazon,Credit Card,5439,54.39,21756,Paid,5493.39,1.28,0
TXN00179,2024-03-28,2024-03,2024,3,March,CUST6706,Customer CUST6706,46-60,Male,Delhi,Regalia,200000,Shopping,BookMyShow,NetBanking,10420,104.2,20840,Overdue,10524.2,16.07,0
TXN00011,2024-03-28,2024-03,2024,3,March,CUST3705,Customer CUST3705,36-45,Female,Hyderabad,Millennia,500000,Entertainment,Flipkart,NetBanking,17655,0.0,17655,Overdue,17655.0,16.9,1
TXN00267,2024-03-31,2024-03,2024,3,March,CUST7755,Customer CUST7755,18-25,Male,Hyderabad,MoneyBack,100000,Shopping,Zomato,NetBanking,4089,40.89,16356,Overdue,4129.89,5.77,0
TXN00493,2024-04-01,2024-04,2024,4,April,CUST5262,Customer CUST5262,26-35,Male,Hyderabad,Regalia,500000,Shopping,HP Fuel,Credit Card,23178,0.0,23178,Overdue,23178.0,16.09,0
TXN00339,2024-04-03,2024-04,2024,4,April,CUST3061,Customer CUST3061,46-60,Male,Pune,Millennia,800000,Groceries,HP Fuel,NetBanking,11849,213.28,11849,Overdue,12062.28,6.17,0
TXN00008,2024-04-03,2024-04,2024,4,April,CUST7304,Customer CUST7304,46-60,Female,Mumbai,Millennia,500000,Dining,Croma,UPI AutoPay,20760,0.0,83040,Overdue,20760.0,14.06,0
TXN00031,2024-04-05,2024-04,2024,4,April,CUST8784,Customer CUST8784,18-25,Female,Ahmedabad,Diners Black,100000,Dining,DMart,NetBanking,6725,0.0,6725,Overdue,6725.0,13.31,1
TXN00016,2024-04-05,2024-04,2024,4,April,CUST3697,Customer CUST3697,46-60,Male,Ahmedabad,Regalia,500000,Travel,DMart,UPI AutoPay,16113,161.13,16113,Due,16274.13,14.86,0
TXN00211,2024-04-05,2024-04,2024,4,April,CUST2391,Customer CUST2391,18-25,Male,Mumbai,Regalia,300000,Entertainment,DMart,Credit Card,17231,172.31,68924,Overdue,17403.31,16.28,0
TXN00457,2024-04-08,2024-04,2024,4,April,CUST7750,Customer CUST7750,36-45,Male,Pune,Regalia,300000,Groceries,Zomato,Credit Card,4687,84.37,9374,Paid,4771.37,6.43,1
TXN00083,2024-04-08,2024-04,2024,4,April,CUST3002,Customer CUST3002,46-60,Female,Pune,Regalia,800000,Fuel,DMart,NetBanking,2165,38.97,8660,Paid,2203.97,0.63,0
TXN00052,2024-04-11,2024-04,2024,4,April,CUST2229,Customer CUST2229,26-35,Male,Ahmedabad,Regalia,200000,Shopping,DMart,UPI AutoPay,21840,0.0,21840,Overdue,21840.0,18.51,0
TXN00321,2024-04-12,2024-04,2024,4,April,CUST3450,Customer CUST3450,46-60,Male,Chennai,Regalia,200000,Fuel,Amazon,UPI AutoPay,14362,143.62,14362,Due,14505.62,30.16,1
TXN00308,2024-04-12,2024-04,2024,4,April,CUST1086,Customer CUST1086,18-25,Male,Ahmedabad,Infinia,100000,Travel,BookMyShow,NetBanking,11289,203.2,45156,Due,11492.2,18.55,0
TXN00425,2024-04-12,2024-04,2024,4,April,CUST2460,Customer CUST2460,36-45,Female,Kolkata,Regalia,100000,Groceries,BookMyShow,NetBanking,16156,0.0,16156,Paid,16156.0,27.75,1
TXN00188,2024-04-14,2024-04,2024,4,April,CUST2425,Customer CUST2425,46-60,Male,Ahmedabad,Diners Black,300000,Entertainment,Flipkart,Credit Card,1256,12.56,2512,Overdue,1268.56,1.86,0
TXN00197,2024-04-15,2024-04,2024,4,April,CUST1138,Customer CUST1138,26-35,Female,Pune,Diners Black,200000,Shopping,HP Fuel,NetBanking,4693,46.93,4693,Paid,4739.93,2.99,1
TXN00057,2024-04-17,2024-04,2024,4,April,CUST1601,Customer CUST1601,46-60,Male,Bengaluru,Diners Black,500000,Travel,HP Fuel,UPI AutoPay,22930,229.3,45860,Due,23159.3,19.51,0
TXN00423,2024-04-18,2024-04,2024,4,April,CUST7586,Customer CUST7586,36-45,Male,Delhi,MoneyBack,200000,Fuel,Croma,Credit Card,20372,0.0,20372,Due,20372.0,27.55,1
TXN00347,2024-04-18,2024-04,2024,4,April,CUST7579,Customer CUST7579,36-45,Male,Pune,MoneyBack,200000,Bills & Utilities,Croma,NetBanking,21998,219.98,21998,Due,22217.98,45.86,0
TXN00344,2024-04-19,2024-04,2024,4,April,CUST9615,Customer CUST9615,36-45,Male,Hyderabad,Regalia,500000,Groceries,HP Fuel,Credit Card,1242,22.36,4968,Overdue,1264.36,0.9,0
TXN00270,2024-04-19,2024-04,2024,4,April,CUST4122,Customer CUST4122,36-45,Male,Chennai,Infinia,200000,Dining,DMart,Credit Card,6345,0.0,12690,Overdue,6345.0,8.97,0
TXN00177,2024-04-21,2024-04,2024,4,April,CUST7547,Customer CUST7547,36-45,Female,Ahmedabad,Diners Black,800000,Dining,Zomato,Credit Card,21400,385.2,21400,Paid,21785.2,13.2,0
TXN00441,2024-04-21,2024-04,2024,4,April,CUST9530,Customer CUST9530,18-25,Female,Bengaluru,Diners Black,200000,Groceries,DMart,NetBanking,23041,0.0,46082,Overdue,23041.0,51.84,1
TXN00260,2024-04-23,2024-04,2024,4,April,CUST4787,Customer CUST4787,46-60,Female,Hyderabad,Regalia,100000,Groceries,IRCTC,UPI AutoPay,16967,0.0,67868,Paid,16967.0,78.37,0
TXN00001,2024-04-24,2024-04,2024,4,April,CUST9935,Customer CUST9935,18-25,Female,Mumbai,Diners Black,100000,Dining,Swiggy,Credit Card,7514,0.0,30056,Paid,7514.0,27.85,1
TXN00023,2024-04-24,2024-04,2024,4,April,CUST3088,Customer CUST3088,18-25,Female,Delhi,Regalia,800000,Fuel,HP Fuel,Credit Card,1380,13.8,5520,Due,1393.8,0.27,1
TXN00141,2024-04-25,2024-04,2024,4,April,CUST6523,Customer CUST6523,36-45,Male,Pune,Regalia,200000,Bills & Utilities,Amazon,NetBanking,15237,274.27,30474,Overdue,15511.27,8.05,0
TXN00428,2024-04-25,2024-04,2024,4,April,CUST6966,Customer CUST6966,36-45,Male,Bengaluru,MoneyBack,100000,Travel,DMart,UPI AutoPay,5977,0.0,23908,Due,5977.0,7.27,0
TXN00200,2024-04-25,2024-04,2024,4,April,CUST6185,Customer CUST6185,26-35,Female,Ahmedabad,MoneyBack,100000,Bills & Utilities,DMart,UPI AutoPay,19661,0.0,78644,Overdue,19661.0,95.0,1
TXN00237,2024-04-25,2024-04,2024,4,April,CUST2654,Customer CUST2654,36-45,Female,Kolkata,Regalia,100000,Dining,DMart,UPI AutoPay,18766,337.79,75064,Due,19103.79,88.19,0
TXN00263,2024-04-25,2024-04,2024,4,April,CUST8178,Customer CUST8178,26-35,Female,Bengaluru,Millennia,800000,Entertainment,HP Fuel,NetBanking,5423,0.0,10846,Paid,5423.0,1.99,1
TXN00009,2024-04-27,2024-04,2024,4,April,CUST5315,Customer CUST5315,26-35,Male,Chennai,Diners Black,500000,Groceries,IRCTC,NetBanking,9817,98.17,9817,Overdue,9915.17,1.99,1
TXN00274,2024-04-28,2024-04,2024,4,April,CUST9747,Customer CUST9747,36-45,Female,Pune,Infinia,500000,Travel,Swiggy,NetBanking,19297,347.35,77188,Paid,19644.35,14.27,0
TXN00184,2024-04-29,2024-04,2024,4,April,CUST7286,Customer CUST7286,46-60,Male,Bengaluru,Diners Black,500000,Bills & Utilities,BookMyShow,NetBanking,4832,86.98,9664,Overdue,4918.98,3.27,1
TXN00146,2024-04-29,2024-04,2024,4,April,CUST9409,Customer CUST9409,46-60,Female,Ahmedabad,Infinia,100000,Travel,Swiggy,NetBanking,3179,57.22,6358,Due,3236.22,8.94,0
TXN00144,2024-04-30,2024-04,2024,4,April,CUST7121,Customer CUST7121,46-60,Female,Chennai,Diners Black,500000,Fuel,Croma,NetBanking,7436,0.0,7436,Paid,7436.0,2.4,1
TXN00381,2024-04-30,2024-04,2024,4,April,CUST4478,Customer CUST4478,18-25,Male,Ahmedabad,Infinia,300000,Travel,IRCTC,UPI AutoPay,13767,0.0,27534,Paid,13767.0,14.88,0
TXN00060,2024-04-30,2024-04,2024,4,April,CUST8905,Customer CUST8905,46-60,Male,Bengaluru,MoneyBack,300000,Bills & Utilities,BookMyShow,NetBanking,9763,175.73,39052,Paid,9938.73,8.66,0
TXN00467,2024-05-02,2024-05,2024,5,May,CUST4261,Customer CUST4261,36-45,Male,Bengaluru,MoneyBack,200000,Travel,DMart,Credit Card,22974,413.53,22974,Paid,23387.53,14.46,0
TXN00488,2024-05-04,2024-05,2024,5,May,CUST4857,Customer CUST4857,36-45,Male,Ahmedabad,MoneyBack,300000,Travel,Amazon,UPI AutoPay,457,4.57,914,Overdue,461.57,0.21,0
TXN00418,2024-05-04,2024-05,2024,5,May,CUST6571,Customer CUST6571,18-25,Female,Pune,Diners Black,100000,Bills & Utilities,IRCTC,NetBanking,10123,101.23,10123,Paid,10224.23,24.92,1
TXN00256,2024-05-06,2024-05,2024,5,May,CUST1785,Customer CUST1785,18-25,Male,Pune,Millennia,800000,Travel,Swiggy,NetBanking,21182,211.82,84728,Paid,21393.82,3.16,0
TXN00399,2024-05-10,2024-05,2024,5,May,CUST6885,Customer CUST6885,18-25,Female,Chennai,Millennia,800000,Shopping,Swiggy,Credit Card,18185,0.0,18185,Due,18185.0,9.74,0
TXN00129,2024-05-11,2024-05,2024,5,May,CUST9341,Customer CUST9341,46-60,Male,Delhi,MoneyBack,200000,Shopping,Swiggy,Credit Card,11311,203.6,22622,Paid,11514.6,10.16,0
TXN00380,2024-05-12,2024-05,2024,5,May,CUST4812,Customer CUST4812,36-45,Male,Hyderabad,Infinia,200000,Bills & Utilities,Swiggy,Credit Card,20904,209.04,41808,Paid,21113.04,47.4,0
TXN00355,2024-05-13,2024-05,2024,5,May,CUST9589,Customer CUST9589,26-35,Male,Bengaluru,MoneyBack,800000,Fuel,Zomato,UPI AutoPay,6691,66.91,13382,Due,6757.91,1.49,0
TXN00391,2024-05-13,2024-05,2024,5,May,CUST7421,Customer CUST7421,26-35,Female,Mumbai,MoneyBack,100000,Bills & Utilities,HP Fuel,UPI AutoPay,1853,0.0,3706,Due,1853.0,2.49,1
TXN00078,2024-05-14,2024-05,2024,5,May,CUST1858,Customer CUST1858,26-35,Female,Mumbai,Diners Black,100000,Entertainment,Croma,Credit Card,7996,143.93,15992,Overdue,8139.93,13.57,0
TXN00109,2024-05-16,2024-05,2024,5,May,CUST8840,Customer CUST8840,26-35,Male,Mumbai,Diners Black,500000,Fuel,Zomato,NetBanking,11293,203.27,11293,Due,11496.27,11.12,0
TXN00021,2024-05-17,2024-05,2024,5,May,CUST4450,Customer CUST4450,36-45,Male,Chennai,Millennia,300000,Groceries,IRCTC,NetBanking,24527,441.49,24527,Due,24968.49,17.39,0
TXN00401,2024-05-17,2024-05,2024,5,May,CUST3224,Customer CUST3224,18-25,Male,Mumbai,Millennia,500000,Bills & Utilities,DMart,UPI AutoPay,714,0.0,2856,Overdue,714.0,0.52,0
TXN00367,2024-05-17,2024-05,2024,5,May,CUST4707,Customer CUST4707,18-25,Female,Hyderabad,Diners Black,200000,Dining,Swiggy,UPI AutoPay,12896,128.96,25792,Due,13024.96,10.67,1
TXN00329,2024-05-18,2024-05,2024,5,May,CUST9745,Customer CUST9745,36-45,Female,Bengaluru,Infinia,800000,Fuel,BookMyShow,NetBanking,15160,272.88,60640,Paid,15432.88,5.19,0
TXN00258,2024-05-20,2024-05,2024,5,May,CUST2741,Customer CUST2741,46-60,Male,Kolkata,Millennia,300000,Fuel,Flipkart,UPI AutoPay,23752,427.54,23752,Overdue,24179.54,11.53,1
TXN00359,2024-05-24,2024-05,2024,5,May,CUST5653,Customer CUST5653,26-35,Female,Mumbai,MoneyBack,300000,Fuel,Swiggy,UPI AutoPay,21942,394.96,21942,Overdue,22336.96,12.3,0
TXN00499,2024-05-25,2024-05,2024,5,May,CUST8046,Customer CUST8046,36-45,Female,Chennai,Millennia,300000,Shopping,IRCTC,NetBanking,1647,0.0,3294,Due,1647.0,2.19,0
TXN00426,2024-05-26,2024-05,2024,5,May,CUST3949,Customer CUST3949,46-60,Male,Chennai,Infinia,800000,Travel,IRCTC,UPI AutoPay,13701,0.0,13701,Due,13701.0,6.45,0
TXN00357,2024-05-29,2024-05,2024,5,May,CUST2405,Customer CUST2405,18-25,Male,Hyderabad,Millennia,300000,Entertainment,Flipkart,NetBanking,7850,0.0,31400,Paid,7850.0,4.25,0
TXN00236,2024-05-31,2024-05,2024,5,May,CUST6343,Customer CUST6343,36-45,Female,Chennai,Diners Black,800000,Bills & Utilities,Swiggy,NetBanking,2395,0.0,4790,Overdue,2395.0,0.78,0
TXN00054,2024-06-01,2024-06,2024,6,June,CUST5728,Customer CUST5728,46-60,Male,Chennai,Regalia,800000,Groceries,BookMyShow,NetBanking,2154,0.0,4308,Due,2154.0,1.08,0
TXN00106,2024-06-02,2024-06,2024,6,June,CUST7878,Customer CUST7878,46-60,Male,Kolkata,Millennia,100000,Entertainment,Zomato,UPI AutoPay,9640,0.0,19280,Overdue,9640.0,11.48,0
TXN00251,2024-06-03,2024-06,2024,6,June,CUST3954,Customer CUST3954,18-25,Female,Bengaluru,Regalia,200000,Shopping,HP Fuel,NetBanking,13608,244.94,27216,Paid,13852.94,15.41,0
TXN00481,2024-06-03,2024-06,2024,6,June,CUST5373,Customer CUST5373,36-45,Male,Chennai,MoneyBack,200000,Travel,IRCTC,NetBanking,10641,0.0,42564,Overdue,10641.0,23.32,1
TXN00363,2024-06-04,2024-06,2024,6,June,CUST4726,Customer CUST4726,46-60,Male,Pune,MoneyBack,500000,Bills & Utilities,Amazon,UPI AutoPay,4697,0.0,18788,Due,4697.0,2.9,0
TXN00010,2024-06-05,2024-06,2024,6,June,CUST2832,Customer CUST2832,36-45,Female,Pune,Regalia,300000,Fuel,Flipkart,Credit Card,17578,0.0,70312,Paid,17578.0,17.31,0
TXN00470,2024-06-05,2024-06,2024,6,June,CUST8635,Customer CUST8635,26-35,Female,Chennai,Infinia,800000,Fuel,BookMyShow,UPI AutoPay,3356,0.0,13424,Overdue,3356.0,1.71,0
TXN00169,2024-06-06,2024-06,2024,6,June,CUST5419,Customer CUST5419,18-25,Male,Kolkata,Diners Black,300000,Shopping,Zomato,Credit Card,3691,0.0,3691,Due,3691.0,3.42,0
TXN00306,2024-06-07,2024-06,2024,6,June,CUST5514,Customer CUST5514,46-60,Male,Kolkata,Infinia,800000,Shopping,DMart,NetBanking,8762,157.72,17524,Overdue,8919.72,2.7,0
TXN00213,2024-06-08,2024-06,2024,6,June,CUST4401,Customer CUST4401,46-60,Female,Delhi,Regalia,100000,Travel,BookMyShow,UPI AutoPay,15471,154.71,30942,Paid,15625.71,48.64,0
TXN00118,2024-06-10,2024-06,2024,6,June,CUST9094,Customer CUST9094,18-25,Female,Bengaluru,Diners Black,200000,Fuel,Croma,NetBanking,7547,0.0,7547,Due,7547.0,7.35,0
TXN00311,2024-06-10,2024-06,2024,6,June,CUST4281,Customer CUST4281,18-25,Male,Delhi,Diners Black,500000,Entertainment,Zomato,NetBanking,13288,132.88,53152,Due,13420.88,6.97,0
TXN00214,2024-06-10,2024-06,2024,6,June,CUST6828,Customer CUST6828,46-60,Male,Chennai,Infinia,100000,Groceries,IRCTC,UPI AutoPay,7245,72.45,7245,Paid,7317.45,27.85,0
TXN00337,2024-06-11,2024-06,2024,6,June,CUST1853,Customer CUST1853,26-35,Male,Mumbai,Infinia,300000,Fuel,Flipkart,NetBanking,4202,42.02,8404,Due,4244.02,2.51,0
TXN00377,2024-06-14,2024-06,2024,6,June,CUST3906,Customer CUST3906,46-60,Female,Chennai,Infinia,800000,Bills & Utilities,Swiggy,Credit Card,22859,411.46,91436,Due,23270.46,11.86,0
TXN00101,2024-06-15,2024-06,2024,6,June,CUST4891,Customer CUST4891,46-60,Female,Bengaluru,Infinia,100000,Entertainment,BookMyShow,Credit Card,5624,101.23,11248,Overdue,5725.23,14.87,1
TXN00204,2024-06-16,2024-06,2024,6,June,CUST5403,Customer CUST5403,18-25,Male,Hyderabad,Diners Black,200000,Fuel,HP Fuel,UPI AutoPay,17148,308.66,34296,Due,17456.66,21.33,0
TXN00041,2024-06-16,2024-06,2024,6,June,CUST4249,Customer CUST4249,18-25,Male,Chennai,Millennia,500000,Fuel,Zomato,NetBanking,1041,10.41,4164,Due,1051.41,0.54,0
TXN00500,2024-06-17,2024-06,2024,6,June,CUST3435,Customer CUST3435,18-25,Male,Pune,MoneyBack,500000,Entertainment,Amazon,Credit Card,5156,92.81,20624,Due,5248.81,1.25,0
TXN00121,2024-06-17,2024-06,2024,6,June,CUST5105,Customer CUST5105,26-35,Female,Bengaluru,Diners Black,300000,Bills & Utilities,Amazon,NetBanking,7588,75.88,30352,Due,7663.88,11.09,0
TXN00477,2024-06-19,2024-06,2024,6,June,CUST9779,Customer CUST9779,26-35,Female,Chennai,Diners Black,100000,Travel,IRCTC,Credit Card,6811,68.11,27244,Due,6879.11,29.71,0
TXN00187,2024-06-21,2024-06,2024,6,June,CUST5389,Customer CUST5389,36-45,Male,Hyderabad,Infinia,100000,Bills & Utilities,BookMyShow,NetBanking,16430,295.74,65720,Paid,16725.74,54.07,0
TXN00301,2024-06-23,2024-06,2024,6,June,CUST5333,Customer CUST5333,26-35,Female,Ahmedabad,MoneyBack,800000,Fuel,BookMyShow,NetBanking,4876,87.77,4876,Overdue,4963.77,2.22,0
TXN00459,2024-06-25,2024-06,2024,6,June,CUST6036,Customer CUST6036,26-35,Male,Chennai,Millennia,200000,Bills & Utilities,Amazon,Credit Card,4086,0.0,4086,Due,4086.0,7.67,0
TXN00396,2024-06-26,2024-06,2024,6,June,CUST2599,Customer CUST2599,46-60,Male,Delhi,Infinia,800000,Entertainment,IRCTC,UPI AutoPay,16145,0.0,64580,Paid,16145.0,5.75,0
TXN00261,2024-06-27,2024-06,2024,6,June,CUST1751,Customer CUST1751,18-25,Male,Mumbai,Diners Black,100000,Shopping,Amazon,UPI AutoPay,22376,223.76,44752,Due,22599.76,30.88,0
TXN00292,2024-06-28,2024-06,2024,6,June,CUST2252,Customer CUST2252,18-25,Male,Delhi,Diners Black,300000,Entertainment,Croma,NetBanking,4787,86.17,4787,Paid,4873.17,6.28,0
TXN00056,2024-06-28,2024-06,2024,6,June,CUST9056,Customer CUST9056,18-25,Female,Hyderabad,Infinia,800000,Bills & Utilities,HP Fuel,UPI AutoPay,14690,146.9,14690,Due,14836.9,5.04,0
TXN00307,2024-07-02,2024-07,2024,7,July,CUST7522,Customer CUST7522,26-35,Male,Pune,Infinia,800000,Fuel,Flipkart,UPI AutoPay,16051,160.51,32102,Overdue,16211.51,4.77,1
TXN00372,2024-07-02,2024-07,2024,7,July,CUST3686,Customer CUST3686,18-25,Male,Hyderabad,Infinia,300000,Bills & Utilities,Zomato,NetBanking,6816,68.16,6816,Due,6884.16,5.22,0
TXN00402,2024-07-03,2024-07,2024,7,July,CUST7959,Customer CUST7959,18-25,Female,Hyderabad,Infinia,300000,Travel,Flipkart,NetBanking,18289,182.89,36578,Overdue,18471.89,11.6,0
TXN00408,2024-07-04,2024-07,2024,7,July,CUST7765,Customer CUST7765,46-60,Male,Mumbai,Diners Black,500000,Groceries,BookMyShow,NetBanking,4953,89.15,4953,Overdue,5042.15,3.97,1
TXN00334,2024-07-09,2024-07,2024,7,July,CUST3468,Customer CUST3468,18-25,Female,Delhi,Diners Black,100000,Shopping,Flipkart,UPI AutoPay,4297,77.35,8594,Due,4374.35,8.3,0
TXN00278,2024-07-10,2024-07,2024,7,July,CUST3131,Customer CUST3131,26-35,Female,Bengaluru,Infinia,300000,Groceries,Swiggy,UPI AutoPay,12560,0.0,25120,Due,12560.0,13.51,1
TXN00458,2024-07-11,2024-07,2024,7,July,CUST6104,Customer CUST6104,36-45,Male,Delhi,MoneyBack,100000,Travel,BookMyShow,NetBanking,2703,0.0,2703,Overdue,2703.0,7.89,0
TXN00126,2024-07-13,2024-07,2024,7,July,CUST7442,Customer CUST7442,46-60,Male,Bengaluru,MoneyBack,500000,Fuel,Flipkart,NetBanking,15496,154.96,30992,Due,15650.96,3.39,0
TXN00014,2024-07-13,2024-07,2024,7,July,CUST1887,Customer CUST1887,18-25,Male,Delhi,Millennia,500000,Bills & Utilities,DMart,NetBanking,14324,143.24,28648,Due,14467.24,8.22,0
TXN00341,2024-07-13,2024-07,2024,7,July,CUST3627,Customer CUST3627,18-25,Male,Bengaluru,Infinia,300000,Shopping,BookMyShow,UPI AutoPay,10806,194.51,21612,Due,11000.51,16.1,0
TXN00061,2024-07-14,2024-07,2024,7,July,CUST5634,Customer CUST5634,36-45,Female,Bengaluru,Millennia,300000,Shopping,Amazon,UPI AutoPay,13796,137.96,55184,Overdue,13933.96,19.69,0
TXN00048,2024-07-15,2024-07,2024,7,July,CUST2647,Customer CUST2647,26-35,Female,Ahmedabad,MoneyBack,800000,Shopping,Flipkart,UPI AutoPay,23943,430.97,95772,Paid,24373.97,6.38,0
TXN00290,2024-07-17,2024-07,2024,7,July,CUST3496,Customer CUST3496,36-45,Female,Pune,MoneyBack,300000,Travel,DMart,Credit Card,10959,197.26,43836,Paid,11156.26,13.79,0
TXN00242,2024-07-22,2024-07,2024,7,July,CUST4963,Customer CUST4963,36-45,Female,Chennai,Diners Black,100000,Entertainment,BookMyShow,Credit Card,15411,277.4,30822,Due,15688.4,57.4,0
TXN00219,2024-07-23,2024-07,2024,7,July,CUST8940,Customer CUST8940,36-45,Female,Ahmedabad,Infinia,300000,Entertainment,DMart,UPI AutoPay,839,8.39,3356,Paid,847.39,0.82,0
TXN00389,2024-07-24,2024-07,2024,7,July,CUST3580,Customer CUST3580,36-45,Male,Ahmedabad,Diners Black,100000,Shopping,Swiggy,NetBanking,17641,176.41,35282,Overdue,17817.41,36.88,0
TXN00223,2024-07-25,2024-07,2024,7,July,CUST3320,Customer CUST3320,18-25,Female,Bengaluru,Diners Black,100000,Bills & Utilities,Zomato,UPI AutoPay,6015,60.15,6015,Overdue,6075.15,9.57,0
TXN00368,2024-07-26,2024-07,2024,7,July,CUST5043,Customer CUST5043,46-60,Female,Ahmedabad,Millennia,300000,Dining,Swiggy,NetBanking,14594,262.69,29188,Overdue,14856.69,21.73,0
TXN00089,2024-07-28,2024-07,2024,7,July,CUST9149,Customer CUST9149,46-60,Male,Chennai,Regalia,300000,Entertainment,Amazon,UPI AutoPay,4696,46.96,9392,Overdue,4742.96,2.32,1
TXN00182,2024-07-29,2024-07,2024,7,July,CUST8496,Customer CUST8496,18-25,Female,Chennai,Millennia,300000,Fuel,BookMyShow,NetBanking,3534,63.61,3534,Overdue,3597.61,2.71,0
TXN00495,2024-07-30,2024-07,2024,7,July,CUST3391,Customer CUST3391,18-25,Female,Ahmedabad,Diners Black,200000,Bills & Utilities,IRCTC,Credit Card,22390,0.0,44780,Overdue,22390.0,29.49,0
TXN00390,2024-07-30,2024-07,2024,7,July,CUST3806,Customer CUST3806,18-25,Female,Pune,Infinia,300000,Shopping,HP Fuel,NetBanking,9081,0.0,36324,Due,9081.0,9.98,0
TXN00379,2024-08-02,2024-08,2024,8,August,CUST5705,Customer CUST5705,46-60,Female,Mumbai,Millennia,100000,Fuel,IRCTC,NetBanking,24111,434.0,96444,Overdue,24545.0,70.76,0
TXN00227,2024-08-02,2024-08,2024,8,August,CUST8179,Customer CUST8179,46-60,Male,Ahmedabad,Millennia,100000,Shopping,DMart,UPI AutoPay,8610,0.0,34440,Due,8610.0,10.27,0
TXN00409,2024-08-03,2024-08,2024,8,August,CUST8802,Customer CUST8802,36-45,Female,Pune,Millennia,200000,Bills & Utilities,Croma,Credit Card,8863,0.0,8863,Due,8863.0,12.66,0
TXN00123,2024-08-03,2024-08,2024,8,August,CUST5949,Customer CUST5949,46-60,Male,Kolkata,Infinia,800000,Bills & Utilities,DMart,UPI AutoPay,1192,11.92,4768,Due,1203.92,0.32,0
TXN00288,2024-08-04,2024-08,2024,8,August,CUST4183,Customer CUST4183,18-25,Male,Kolkata,Infinia,800000,Dining,Swiggy,NetBanking,5474,0.0,5474,Due,5474.0,2.97,0
TXN00293,2024-08-05,2024-08,2024,8,August,CUST4658,Customer CUST4658,36-45,Male,Mumbai,Infinia,200000,Shopping,BookMyShow,NetBanking,18008,324.14,36016,Overdue,18332.14,22.18,0
TXN00045,2024-08-05,2024-08,2024,8,August,CUST9464,Customer CUST9464,26-35,Male,Pune,Diners Black,300000,Shopping,Flipkart,NetBanking,9363,168.53,37452,Due,9531.53,10.06,0
TXN00178,2024-08-15,2024-08,2024,8,August,CUST3469,Customer CUST3469,36-45,Male,Ahmedabad,MoneyBack,800000,Shopping,BookMyShow,Credit Card,13016,130.16,52064,Due,13146.16,6.12,0
TXN00104,2024-08-15,2024-08,2024,8,August,CUST7326,Customer CUST7326,18-25,Female,Hyderabad,Diners Black,800000,Groceries,Flipkart,Credit Card,13795,0.0,27590,Due,13795.0,4.3,0
TXN00225,2024-08-16,2024-08,2024,8,August,CUST1029,Customer CUST1029,46-60,Male,Bengaluru,MoneyBack,200000,Shopping,Amazon,NetBanking,24251,436.52,48502,Due,24687.52,20.74,1
TXN00207,2024-08-17,2024-08,2024,8,August,CUST2956,Customer CUST2956,18-25,Male,Pune,Regalia,100000,Travel,Flipkart,NetBanking,23802,238.02,47604,Paid,24040.02,78.22,0
TXN00135,2024-08-18,2024-08,2024,8,August,CUST6714,Customer CUST6714,36-45,Female,Chennai,Diners Black,500000,Bills & Utilities,Zomato,NetBanking,6992,125.86,27968,Overdue,7117.86,3.17,0
TXN00478,2024-08-19,2024-08,2024,8,August,CUST9700,Customer CUST9700,46-60,Female,Delhi,Infinia,100000,Groceries,Flipkart,UPI AutoPay,19594,195.94,39188,Paid,19789.94,63.99,0
TXN00254,2024-08-19,2024-08,2024,8,August,CUST2069,Customer CUST2069,18-25,Female,Pune,Diners Black,800000,Dining,IRCTC,UPI AutoPay,3565,35.65,14260,Overdue,3600.65,0.99,0
TXN00206,2024-08-21,2024-08,2024,8,August,CUST3458,Customer CUST3458,26-35,Male,Mumbai,Millennia,500000,Entertainment,Croma,NetBanking,602,0.0,602,Overdue,602.0,0.3,0
TXN00304,2024-08-22,2024-08,2024,8,August,CUST3193,Customer CUST3193,36-45,Female,Hyderabad,MoneyBack,800000,Shopping,Flipkart,Credit Card,19501,351.02,78004,Due,19852.02,3.39,0
TXN00013,2024-08-22,2024-08,2024,8,August,CUST8953,Customer CUST8953,26-35,Male,Delhi,Millennia,200000,Entertainment,BookMyShow,Credit Card,11027,0.0,44108,Due,11027.0,11.66,0
TXN00430,2024-08-23,2024-08,2024,8,August,CUST7152,Customer CUST7152,26-35,Male,Delhi,Diners Black,500000,Dining,BookMyShow,NetBanking,3413,0.0,13652,Due,3413.0,3.06,0
TXN00150,2024-08-23,2024-08,2024,8,August,CUST7868,Customer CUST7868,18-25,Male,Ahmedabad,MoneyBack,100000,Shopping,Flipkart,Credit Card,5283,52.83,5283,Paid,5335.83,5.96,0
TXN00302,2024-08-23,2024-08,2024,8,August,CUST9263,Customer CUST9263,46-60,Male,Kolkata,MoneyBack,800000,Dining,Zomato,Credit Card,3757,0.0,3757,Due,3757.0,2.08,0
TXN00002,2024-08-26,2024-08,2024,8,August,CUST8359,Customer CUST8359,36-45,Male,Mumbai,Infinia,800000,Dining,Amazon,NetBanking,23662,425.92,94648,Due,24087.92,7.92,0
TXN00351,2024-08-26,2024-08,2024,8,August,CUST6319,Customer CUST6319,46-60,Male,Chennai,Diners Black,200000,Groceries,BookMyShow,NetBanking,18893,188.93,75572,Overdue,19081.93,37.19,0
TXN00065,2024-08-28,2024-08,2024,8,August,CUST5906,Customer CUST5906,18-25,Male,Chennai,Regalia,100000,Bills & Utilities,HP Fuel,Credit Card,3161,31.61,3161,Due,3192.61,8.77,0
TXN00475,2024-08-28,2024-08,2024,8,August,CUST1322,Customer CUST1322,36-45,Male,Chennai,Infinia,100000,Groceries,BookMyShow,NetBanking,22744,0.0,45488,Due,22744.0,53.46,0
TXN00203,2024-09-01,2024-09,2024,9,September,CUST6067,Customer CUST6067,26-35,Male,Mumbai,Regalia,800000,Groceries,Swiggy,NetBanking,14437,0.0,28874,Paid,14437.0,6.2,0
TXN00316,2024-09-04,2024-09,2024,9,September,CUST2747,Customer CUST2747,18-25,Male,Chennai,Regalia,300000,Dining,BookMyShow,NetBanking,6844,0.0,27376,Paid,6844.0,3.7,0
TXN00176,2024-09-04,2024-09,2024,9,September,CUST8851,Customer CUST8851,46-60,Female,Chennai,Regalia,500000,Bills & Utilities,Croma,Credit Card,14065,140.65,14065,Due,14205.65,13.96,0
TXN00291,2024-09-09,2024-09,2024,9,September,CUST8583,Customer CUST8583,46-60,Female,Ahmedabad,MoneyBack,300000,Shopping,IRCTC,UPI AutoPay,11979,0.0,47916,Overdue,11979.0,18.01,0
TXN00199,2024-09-11,2024-09,2024,9,September,CUST4090,Customer CUST4090,46-60,Female,Chennai,Millennia,800000,Entertainment,Swiggy,Credit Card,21774,217.74,21774,Due,21991.74,9.33,0
TXN00015,2024-09-11,2024-09,2024,9,September,CUST5092,Customer CUST5092,18-25,Female,Ahmedabad,Regalia,200000,Fuel,Croma,Credit Card,14900,0.0,29800,Paid,14900.0,15.75,0
TXN00496,2024-09-11,2024-09,2024,9,September,CUST6296,Customer CUST6296,46-60,Male,Pune,Infinia,100000,Bills & Utilities,DMart,NetBanking,21408,214.08,21408,Due,21622.08,61.56,0
TXN00332,2024-09-12,2024-09,2024,9,September,CUST4924,Customer CUST4924,36-45,Female,Bengaluru,MoneyBack,100000,Entertainment,Croma,UPI AutoPay,12598,0.0,25196,Due,12598.0,33.88,1
TXN00024,2024-09-12,2024-09,2024,9,September,CUST4878,Customer CUST4878,26-35,Male,Delhi,Diners Black,200000,Entertainment,DMart,Credit Card,18546,185.46,74184,Paid,18731.46,43.61,0
TXN00068,2024-09-13,2024-09,2024,9,September,CUST6881,Customer CUST6881,36-45,Female,Hyderabad,Diners Black,200000,Dining,Swiggy,NetBanking,12805,128.05,12805,Due,12933.05,16.17,0
TXN00469,2024-09-13,2024-09,2024,9,September,CUST2117,Customer CUST2117,46-60,Male,Hyderabad,MoneyBack,100000,Dining,Amazon,UPI AutoPay,20790,0.0,20790,Overdue,20790.0,82.15,0
TXN00305,2024-09-20,2024-09,2024,9,September,CUST1117,Customer CUST1117,46-60,Male,Ahmedabad,Millennia,800000,Bills & Utilities,HP Fuel,UPI AutoPay,24567,0.0,98268,Due,24567.0,4.52,0
TXN00415,2024-09-21,2024-09,2024,9,September,CUST9061,Customer CUST9061,18-25,Male,Chennai,Regalia,800000,Travel,Croma,UPI AutoPay,2474,24.74,2474,Paid,2498.74,0.79,0
TXN00455,2024-09-22,2024-09,2024,9,September,CUST1866,Customer CUST1866,36-45,Female,Bengaluru,Infinia,200000,Groceries,DMart,NetBanking,4988,49.88,9976,Due,5037.88,6.06,0
TXN00492,2024-09-23,2024-09,2024,9,September,CUST3980,Customer CUST3980,46-60,Female,Bengaluru,Infinia,100000,Entertainment,Flipkart,Credit Card,10934,109.34,10934,Paid,11043.34,29.06,1
TXN00019,2024-09-24,2024-09,2024,9,September,CUST2188,Customer CUST2188,18-25,Female,Ahmedabad,Diners Black,300000,Dining,Zomato,Credit Card,8903,89.03,8903,Overdue,8992.03,8.4,1
TXN00205,2024-09-26,2024-09,2024,9,September,CUST3734,Customer CUST3734,36-45,Male,Delhi,MoneyBack,500000,Travel,IRCTC,Credit Card,16937,169.37,16937,Overdue,17106.37,15.03,0
TXN00417,2024-09-29,2024-09,2024,9,September,CUST7617,Customer CUST7617,18-25,Male,Bengaluru,Diners Black,500000,Travel,Swiggy,UPI AutoPay,19029,0.0,76116,Overdue,19029.0,11.08,0
TXN00476,2024-09-30,2024-09,2024,9,September,CUST2601,Customer CUST2601,46-60,Male,Mumbai,MoneyBack,800000,Fuel,Flipkart,UPI AutoPay,928,9.28,1856,Due,937.28,0.3,0
TXN00262,2024-10-01,2024-10,2024,10,October,CUST8479,Customer CUST8479,36-45,Female,Delhi,Diners Black,500000,Entertainment,BookMyShow,UPI AutoPay,11430,0.0,11430,Overdue,11430.0,5.95,1
TXN00240,2024-10-02,2024-10,2024,10,October,CUST7671,Customer CUST7671,46-60,Female,Kolkata,Infinia,200000,Bills & Utilities,Swiggy,NetBanking,3125,0.0,6250,Paid,3125.0,7.27,0
TXN00055,2024-10-05,2024-10,2024,10,October,CUST1423,Customer CUST1423,18-25,Male,Hyderabad,MoneyBack,300000,Groceries,Swiggy,NetBanking,19796,0.0,39592,Due,19796.0,22.53,0
TXN00452,2024-10-06,2024-10,2024,10,October,CUST7254,Customer CUST7254,36-45,Female,Kolkata,Regalia,200000,Fuel,Swiggy,UPI AutoPay,15342,276.16,61368,Overdue,15618.16,13.79,0
TXN00411,2024-10-06,2024-10,2024,10,October,CUST4961,Customer CUST4961,26-35,Female,Pune,Diners Black,800000,Shopping,Amazon,UPI AutoPay,3420,34.2,13680,Overdue,3454.2,1.1,0
TXN00366,2024-10-07,2024-10,2024,10,October,CUST4783,Customer CUST4783,26-35,Male,Bengaluru,Regalia,800000,Groceries,Swiggy,UPI AutoPay,4510,0.0,4510,Paid,4510.0,1.95,0
TXN00407,2024-10-08,2024-10,2024,10,October,CUST8317,Customer CUST8317,36-45,Male,Chennai,Millennia,800000,Bills & Utilities,IRCTC,NetBanking,3855,69.39,3855,Paid,3924.39,1.91,0
TXN00172,2024-10-09,2024-10,2024,10,October,CUST9123,Customer CUST9123,26-35,Female,Kolkata,Diners Black,200000,Travel,Zomato,Credit Card,2720,27.2,5440,Due,2747.2,5.28,0
TXN00039,2024-10-11,2024-10,2024,10,October,CUST6733,Customer CUST6733,26-35,Male,Kolkata,Diners Black,800000,Entertainment,Swiggy,Credit Card,2883,28.83,2883,Paid,2911.83,0.44,1
TXN00003,2024-10-11,2024-10,2024,10,October,CUST6635,Customer CUST6635,36-45,Male,Bengaluru,Regalia,500000,Entertainment,BookMyShow,NetBanking,11229,0.0,11229,Paid,11229.0,3.11,0
TXN00463,2024-10-15,2024-10,2024,10,October,CUST8777,Customer CUST8777,36-45,Male,Bengaluru,Infinia,800000,Groceries,BookMyShow,NetBanking,23968,0.0,23968,Paid,23968.0,13.2,1
TXN00394,2024-10-16,2024-10,2024,10,October,CUST2752,Customer CUST2752,36-45,Male,Pune,Infinia,500000,Fuel,IRCTC,NetBanking,4374,78.73,4374,Due,4452.73,3.74,0
TXN00098,2024-10-17,2024-10,2024,10,October,CUST6731,Customer CUST6731,36-45,Female,Chennai,Infinia,800000,Entertainment,Amazon,NetBanking,5127,51.27,5127,Overdue,5178.27,2.34,0
TXN00444,2024-10-18,2024-10,2024,10,October,CUST3873,Customer CUST3873,26-35,Male,Hyderabad,Regalia,300000,Fuel,Flipkart,Credit Card,5468,98.42,21872,Paid,5566.42,3.15,0
TXN00324,2024-10-18,2024-10,2024,10,October,CUST7243,Customer CUST7243,36-45,Female,Pune,Diners Black,500000,Bills & Utilities,Amazon,Credit Card,16926,169.26,67704,Overdue,17095.26,15.43,0
TXN00059,2024-10-21,2024-10,2024,10,October,CUST6091,Customer CUST6091,18-25,Female,Hyderabad,MoneyBack,200000,Groceries,Zomato,Credit Card,1145,20.61,4580,Paid,1165.61,2.2,0
TXN00091,2024-10-23,2024-10,2024,10,October,CUST6928,Customer CUST6928,18-25,Female,Delhi,MoneyBack,500000,Groceries,Zomato,Credit Card,10842,0.0,43368,Due,10842.0,9.39,0
TXN00456,2024-10-23,2024-10,2024,10,October,CUST3738,Customer CUST3738,36-45,Female,Chennai,Infinia,200000,Bills & Utilities,IRCTC,UPI AutoPay,2717,48.91,2717,Overdue,2765.91,5.51,0
TXN00466,2024-10-24,2024-10,2024,10,October,CUST9055,Customer CUST9055,18-25,Female,Kolkata,Regalia,300000,Entertainment,BookMyShow,NetBanking,2480,24.8,9920,Overdue,2504.8,1.42,0
TXN00289,2024-10-24,2024-10,2024,10,October,CUST6851,Customer CUST6851,26-35,Male,Delhi,Diners Black,500000,Groceries,Zomato,UPI AutoPay,6668,120.02,26672,Overdue,6788.02,6.41,0
TXN00053,2024-10-25,2024-10,2024,10,October,CUST4824,Customer CUST4824,36-45,Male,Mumbai,Regalia,500000,Shopping,DMart,Credit Card,23365,233.65,93460,Overdue,23598.65,6.0,1
TXN00110,2024-10-27,2024-10,2024,10,October,CUST9897,Customer CUST9897,46-60,Female,Ahmedabad,Millennia,300000,Entertainment,Swiggy,NetBanking,6736,0.0,13472,Paid,6736.0,6.87,0
TXN00414,2024-10-28,2024-10,2024,10,October,CUST2212,Customer CUST2212,36-45,Male,Hyderabad,Millennia,300000,Bills & Utilities,DMart,UPI AutoPay,15058,150.58,30116,Due,15208.58,10.19,0
TXN00246,2024-11-01,2024-11,2024,11,November,CUST5278,Customer CUST5278,36-45,Male,Delhi,MoneyBack,300000,Groceries,Amazon,NetBanking,11219,112.19,44876,Paid,11331.19,16.63,0
TXN00287,2024-11-01,2024-11,2024,11,November,CUST7456,Customer CUST7456,18-25,Female,Pune,Millennia,100000,Fuel,Flipkart,NetBanking,18388,0.0,18388,Overdue,18388.0,18.76,0
TXN00352,2024-11-03,2024-11,2024,11,November,CUST8115,Customer CUST8115,46-60,Male,Mumbai,Infinia,300000,Travel,Flipkart,NetBanking,2771,0.0,5542,Overdue,2771.0,4.17,0
TXN00382,2024-11-03,2024-11,2024,11,November,CUST1477,Customer CUST1477,26-35,Male,Pune,Millennia,500000,Groceries,HP Fuel,UPI AutoPay,22673,226.73,45346,Overdue,22899.73,17.67,0
TXN00286,2024-11-04,2024-11,2024,11,November,CUST9740,Customer CUST9740,26-35,Male,Delhi,Diners Black,100000,Entertainment,DMart,NetBanking,14541,145.41,29082,Due,14686.41,42.11,1
TXN00461,2024-11-04,2024-11,2024,11,November,CUST4027,Customer CUST4027,36-45,Male,Mumbai,Millennia,800000,Entertainment,Zomato,Credit Card,4256,76.61,4256,Overdue,4332.61,2.45,0
TXN00386,2024-11-05,2024-11,2024,11,November,CUST2517,Customer CUST2517,46-60,Male,Ahmedabad,Infinia,100000,Shopping,BookMyShow,NetBanking,5934,0.0,11868,Paid,5934.0,24.4,1
TXN00346,2024-11-07,2024-11,2024,11,November,CUST4104,Customer CUST4104,26-35,Male,Delhi,Regalia,200000,Fuel,Amazon,NetBanking,3382,0.0,13528,Overdue,3382.0,5.29,0
TXN00074,2024-11-07,2024-11,2024,11,November,CUST9850,Customer CUST9850,46-60,Male,Hyderabad,Millennia,500000,Groceries,DMart,NetBanking,7893,142.07,7893,Paid,8035.07,4.44,0
TXN00491,2024-11-08,2024-11,2024,11,November,CUST3131,Customer CUST3131,46-60,Female,Pune,Infinia,800000,Groceries,BookMyShow,UPI AutoPay,3831,0.0,3831,Overdue,3831.0,1.85,1
TXN00113,2024-11-09,2024-11,2024,11,November,CUST1693,Customer CUST1693,36-45,Female,Hyderabad,Infinia,500000,Bills & Utilities,IRCTC,NetBanking,14162,0.0,56648,Paid,14162.0,6.82,0
TXN00102,2024-11-12,2024-11,2024,11,November,CUST7256,Customer CUST7256,46-60,Male,Hyderabad,Regalia,500000,Shopping,Flipkart,NetBanking,22426,403.67,44852,Paid,22829.67,18.29,0
TXN00070,2024-11-12,2024-11,2024,11,November,CUST6352,Customer CUST6352,46-60,Male,Hyderabad,Millennia,100000,Fuel,Flipkart,Credit Card,12155,218.79,12155,Overdue,12373.79,56.38,0
TXN00099,2024-11-13,2024-11,2024,11,November,CUST7937,Customer CUST7937,36-45,Male,Kolkata,Diners Black,800000,Entertainment,HP Fuel,UPI AutoPay,4387,78.97,17548,Paid,4465.97,0.75,1
TXN00241,2024-11-14,2024-11,2024,11,November,CUST4288,Customer CUST4288,18-25,Male,Kolkata,Regalia,200000,Entertainment,Swiggy,UPI AutoPay,17379,312.82,17379,Paid,17691.82,15.39,0
TXN00084,2024-11-15,2024-11,2024,11,November,CUST2773,Customer CUST2773,36-45,Female,Pune,Millennia,500000,Fuel,Zomato,UPI AutoPay,16826,0.0,16826,Overdue,16826.0,6.38,1
TXN00012,2024-11-15,2024-11,2024,11,November,CUST6539,Customer CUST6539,18-25,Male,Kolkata,Diners Black,200000,Travel,Flipkart,Credit Card,17159,171.59,17159,Paid,17330.59,16.29,0
TXN00369,2024-11-16,2024-11,2024,11,November,CUST1630,Customer CUST1630,18-25,Female,Kolkata,Infinia,800000,Bills & Utilities,BookMyShow,Credit Card,18941,340.94,75764,Paid,19281.94,8.44,0
TXN00485,2024-11-16,2024-11,2024,11,November,CUST4571,Customer CUST4571,26-35,Male,Pune,Infinia,200000,Bills & Utilities,Amazon,Credit Card,12977,233.59,51908,Due,13210.59,30.77,0
TXN00277,2024-11-16,2024-11,2024,11,November,CUST7025,Customer CUST7025,26-35,Male,Mumbai,Millennia,500000,Bills & Utilities,IRCTC,UPI AutoPay,8435,0.0,33740,Paid,8435.0,7.29,0
TXN00116,2024-11-17,2024-11,2024,11,November,CUST2929,Customer CUST2929,36-45,Female,Chennai,Regalia,500000,Groceries,BookMyShow,Credit Card,1049,18.88,1049,Overdue,1067.88,0.64,0
TXN00348,2024-11-18,2024-11,2024,11,November,CUST9939,Customer CUST9939,26-35,Female,Pune,Diners Black,300000,Travel,Croma,NetBanking,20950,209.5,83800,Due,21159.5,23.98,0
TXN00400,2024-11-21,2024-11,2024,11,November,CUST4083,Customer CUST4083,46-60,Female,Kolkata,MoneyBack,200000,Travel,DMart,Credit Card,14460,260.28,14460,Due,14720.28,20.96,1
TXN00365,2024-11-21,2024-11,2024,11,November,CUST3384,Customer CUST3384,18-25,Female,Delhi,Infinia,300000,Fuel,DMart,UPI AutoPay,23774,0.0,23774,Due,23774.0,34.54,0
TXN00220,2024-11-22,2024-11,2024,11,November,CUST4813,Customer CUST4813,26-35,Male,Ahmedabad,Millennia,800000,Entertainment,Flipkart,NetBanking,9405,0.0,18810,Paid,9405.0,2.86,0
TXN00125,2024-11-22,2024-11,2024,11,November,CUST5754,Customer CUST5754,46-60,Female,Ahmedabad,MoneyBack,200000,Groceries,Flipkart,Credit Card,8964,89.64,8964,Due,9053.64,6.22,0
TXN00180,2024-11-22,2024-11,2024,11,November,CUST3692,Customer CUST3692,26-35,Male,Delhi,Diners Black,300000,Groceries,Croma,Credit Card,23490,0.0,23490,Due,23490.0,28.12,0
TXN00035,2024-11-23,2024-11,2024,11,November,CUST2052,Customer CUST2052,46-60,Female,Delhi,Regalia,200000,Dining,HP Fuel,NetBanking,7777,77.77,31108,Due,7854.77,14.88,0
TXN00044,2024-11-26,2024-11,2024,11,November,CUST7209,Customer CUST7209,36-45,Male,Ahmedabad,Millennia,800000,Shopping,BookMyShow,UPI AutoPay,14971,0.0,29942,Paid,14971.0,6.44,0
TXN00193,2024-11-26,2024-11,2024,11,November,CUST1793,Customer CUST1793,18-25,Male,Chennai,Diners Black,500000,Fuel,BookMyShow,Credit Card,19137,0.0,76548,Paid,19137.0,15.9,1
TXN00434,2024-12-01,2024-12,2024,12,December,CUST1724,Customer CUST1724,18-25,Female,Kolkata,Infinia,100000,Dining,Croma,Credit Card,19591,0.0,78364,Due,19591.0,52.33,0
TXN00143,2024-12-03,2024-12,2024,12,December,CUST2017,Customer CUST2017,18-25,Female,Chennai,Infinia,300000,Bills & Utilities,IRCTC,Credit Card,18972,0.0,37944,Due,18972.0,23.85,0
TXN00210,2024-12-09,2024-12,2024,12,December,CUST4902,Customer CUST4902,46-60,Female,Mumbai,MoneyBack,100000,Entertainment,Swiggy,Credit Card,24385,438.93,48770,Overdue,24823.93,44.4,0
TXN00105,2024-12-09,2024-12,2024,12,December,CUST8685,Customer CUST8685,46-60,Male,Bengaluru,Regalia,200000,Groceries,Zomato,Credit Card,9600,96.0,38400,Due,9696.0,19.37,1
TXN00421,2024-12-13,2024-12,2024,12,December,CUST9570,Customer CUST9570,46-60,Male,Mumbai,Diners Black,100000,Entertainment,Flipkart,Credit Card,23826,0.0,47652,Paid,23826.0,44.0,1
TXN00050,2024-12-14,2024-12,2024,12,December,CUST1878,Customer CUST1878,26-35,Male,Bengaluru,Millennia,500000,Shopping,IRCTC,Credit Card,15854,0.0,15854,Paid,15854.0,9.41,0
TXN00313,2024-12-14,2024-12,2024,12,December,CUST8923,Customer CUST8923,26-35,Female,Delhi,Infinia,500000,Shopping,BookMyShow,NetBanking,17826,320.87,35652,Due,18146.87,17.34,0
TXN00387,2024-12-14,2024-12,2024,12,December,CUST3174,Customer CUST3174,26-35,Male,Hyderabad,Infinia,800000,Shopping,BookMyShow,UPI AutoPay,10926,0.0,10926,Overdue,10926.0,5.06,0
TXN00100,2024-12-15,2024-12,2024,12,December,CUST2657,Customer CUST2657,18-25,Female,Hyderabad,Regalia,300000,Dining,Amazon,NetBanking,4707,0.0,4707,Due,4707.0,6.87,1
TXN00248,2024-12-17,2024-12,2024,12,December,CUST3785,Customer CUST3785,26-35,Female,Ahmedabad,Infinia,800000,Bills & Utilities,Zomato,UPI AutoPay,15788,284.18,31576,Paid,16072.18,4.34,0
TXN00153,2024-12-18,2024-12,2024,12,December,CUST4012,Customer CUST4012,46-60,Male,Kolkata,Infinia,200000,Shopping,Flipkart,UPI AutoPay,23016,230.16,46032,Overdue,23246.16,25.31,1
TXN00243,2024-12-18,2024-12,2024,12,December,CUST3669,Customer CUST3669,26-35,Male,Bengaluru,Diners Black,100000,Bills & Utilities,Flipkart,NetBanking,22772,0.0,45544,Paid,22772.0,57.98,0
TXN00088,2024-12-19,2024-12,2024,12,December,CUST6053,Customer CUST6053,18-25,Male,Kolkata,Millennia,500000,Shopping,DMart,NetBanking,22423,403.61,89692,Paid,22826.61,13.94,0
TXN00062,2024-12-19,2024-12,2024,12,December,CUST4912,Customer CUST4912,46-60,Male,Pune,Infinia,300000,Entertainment,DMart,Credit Card,18007,180.07,36014,Due,18187.07,26.88,0
TXN00312,2024-12-21,2024-12,2024,12,December,CUST3867,Customer CUST3867,46-60,Male,Chennai,Regalia,800000,Fuel,Croma,Credit Card,6574,65.74,13148,Overdue,6639.74,0.84,0
TXN00149,2024-12-22,2024-12,2024,12,December,CUST1372,Customer CUST1372,36-45,Female,Delhi,Regalia,200000,Fuel,Croma,UPI AutoPay,13079,235.42,13079,Overdue,13314.42,28.38,0
TXN00093,2024-12-25,2024-12,2024,12,December,CUST2234,Customer CUST2234,26-35,Female,Bengaluru,Regalia,200000,Groceries,BookMyShow,NetBanking,4998,49.98,4998,Overdue,5047.98,8.52,0
TXN00490,2024-12-26,2024-12,2024,12,December,CUST1853,Customer CUST1853,26-35,Female,Kolkata,Infinia,500000,Bills & Utilities,Amazon,Credit Card,18147,326.65,36294,Due,18473.65,13.72,1
TXN00163,2024-12-28,2024-12,2024,12,December,CUST4700,Customer CUST4700,36-45,Male,Chennai,MoneyBack,800000,Groceries,Swiggy,Credit Card,12424,124.24,24848,Due,12548.24,3.06,0
TXN00464,2024-12-29,2024-12,2024,12,December,CUST6149,Customer CUST6149,18-25,Female,Kolkata,MoneyBack,100000,Dining,Zomato,NetBanking,17050,0.0,34100,Paid,17050.0,68.98,0
TXN00168,2024-12-30,2024-12,2024,12,December,CUST5839,Customer CUST5839,26-35,Male,Kolkata,MoneyBack,500000,Dining,Zomato,UPI AutoPay,22472,404.5,89888,Paid,22876.5,6.03,0
TXN00448,2024-12-31,2024-12,2024,12,December,CUST5553,Customer CUST5553,26-35,Male,Delhi,Diners Black,800000,Groceries,Zomato,NetBanking,20127,362.29,20127,Due,20489.29,7.81,0
TXN00111,2024-12-31,2024-12,2024,12,December,CUST7334,Customer CUST7334,36-45,Male,Mumbai,Diners Black,500000,Shopping,BookMyShow,NetBanking,4278,42.78,8556,Due,4320.78,3.4,0
TXN00259,2025-01-01,2025-01,2025,1,January,CUST8875,Customer CUST8875,36-45,Male,Kolkata,Diners Black,200000,Dining,Swiggy,Credit Card,1491,26.84,2982,Overdue,1517.84,2.8,0
TXN00276,2025-01-02,2025-01,2025,1,January,CUST7371,Customer CUST7371,26-35,Female,Hyderabad,Millennia,200000,Fuel,Swiggy,UPI AutoPay,22335,402.03,89340,Due,22737.03,44.33,0
TXN00465,2025-01-04,2025-01,2025,1,January,CUST5646,Customer CUST5646,46-60,Female,Chennai,Infinia,500000,Bills & Utilities,BookMyShow,Credit Card,1530,0.0,3060,Overdue,1530.0,0.45,0
TXN00115,2025-01-05,2025-01,2025,1,January,CUST7095,Customer CUST7095,46-60,Male,Kolkata,Infinia,500000,Groceries,Amazon,NetBanking,20027,0.0,80108,Due,20027.0,19.21,0
TXN00393,2025-01-07,2025-01,2025,1,January,CUST2070,Customer CUST2070,46-60,Male,Kolkata,Regalia,500000,Bills & Utilities,HP Fuel,UPI AutoPay,21996,219.96,43992,Due,22215.96,12.98,1
TXN00320,2025-01-09,2025-01,2025,1,January,CUST7563,Customer CUST7563,36-45,Female,Bengaluru,MoneyBack,300000,Travel,Amazon,NetBanking,7098,70.98,28392,Paid,7168.98,5.82,1
TXN00128,2025-01-09,2025-01,2025,1,January,CUST2204,Customer CUST2204,46-60,Female,Mumbai,MoneyBack,300000,Groceries,Croma,UPI AutoPay,18886,339.95,18886,Overdue,19225.95,20.23,0
TXN00474,2025-01-10,2025-01,2025,1,January,CUST6855,Customer CUST6855,46-60,Female,Pune,Infinia,100000,Groceries,Swiggy,NetBanking,20685,206.85,41370,Paid,20891.85,56.11,1
TXN00487,2025-01-11,2025-01,2025,1,January,CUST4926,Customer CUST4926,36-45,Female,Chennai,Millennia,100000,Bills & Utilities,IRCTC,NetBanking,20051,0.0,80204,Overdue,20051.0,75.45,0
TXN00378,2025-01-12,2025-01,2025,1,January,CUST2999,Customer CUST2999,36-45,Female,Kolkata,Millennia,300000,Entertainment,Croma,UPI AutoPay,14202,255.64,14202,Overdue,14457.64,13.65,1
TXN00161,2025-01-17,2025-01,2025,1,January,CUST9719,Customer CUST9719,46-60,Male,Mumbai,Infinia,500000,Bills & Utilities,Swiggy,NetBanking,22048,396.86,44096,Overdue,22444.86,4.69,0
TXN00066,2025-01-18,2025-01,2025,1,January,CUST2293,Customer CUST2293,46-60,Male,Kolkata,Regalia,200000,Dining,BookMyShow,NetBanking,17605,176.05,70420,Paid,17781.05,14.79,1
TXN00164,2025-01-21,2025-01,2025,1,January,CUST8109,Customer CUST8109,36-45,Male,Hyderabad,Millennia,100000,Bills & Utilities,Croma,Credit Card,509,9.16,509,Paid,518.16,1.53,1
TXN00397,2025-01-23,2025-01,2025,1,January,CUST1003,Customer CUST1003,26-35,Male,Pune,MoneyBack,200000,Bills & Utilities,BookMyShow,NetBanking,21832,0.0,21832,Due,21832.0,46.59,0
TXN00063,2025-01-25,2025-01,2025,1,January,CUST2644,Customer CUST2644,46-60,Male,Kolkata,Regalia,800000,Travel,Croma,UPI AutoPay,1413,0.0,5652,Paid,1413.0,0.41,1
TXN00275,2025-01-25,2025-01,2025,1,January,CUST5105,Customer CUST5105,26-35,Male,Bengaluru,Millennia,200000,Bills & Utilities,IRCTC,Credit Card,2054,0.0,4108,Overdue,2054.0,5.07,0
TXN00353,2025-01-26,2025-01,2025,1,January,CUST9231,Customer CUST9231,26-35,Male,Mumbai,Diners Black,800000,Fuel,Swiggy,NetBanking,1549,15.49,6196,Overdue,1564.49,0.31,0
TXN00253,2025-01-27,2025-01,2025,1,January,CUST9700,Customer CUST9700,26-35,Male,Mumbai,Millennia,100000,Fuel,Swiggy,NetBanking,6734,121.21,13468,Overdue,6855.21,30.76,1
TXN00032,2025-01-28,2025-01,2025,1,January,CUST2746,Customer CUST2746,46-60,Male,Hyderabad,MoneyBack,100000,Dining,Amazon,NetBanking,5035,90.63,20140,Overdue,5125.63,23.01,0
TXN00272,2025-01-31,2025-01,2025,1,January,CUST6617,Customer CUST6617,36-45,Female,Pune,Infinia,200000,Travel,Amazon,Credit Card,13918,250.52,55672,Due,14168.52,14.57,0
TXN00183,2025-02-01,2025-02,2025,2,February,CUST5873,Customer CUST5873,18-25,Male,Kolkata,Infinia,800000,Groceries,HP Fuel,Credit Card,11600,116.0,23200,Paid,11716.0,2.45,0
TXN00108,2025-02-03,2025-02,2025,2,February,CUST2106,Customer CUST2106,36-45,Male,Hyderabad,Millennia,100000,Bills & Utilities,Zomato,NetBanking,12877,128.77,25754,Overdue,13005.77,31.27,0
TXN00473,2025-02-04,2025-02,2025,2,February,CUST5660,Customer CUST5660,36-45,Male,Chennai,MoneyBack,300000,Fuel,Swiggy,NetBanking,12579,226.42,50316,Paid,12805.42,17.05,1
TXN00231,2025-02-06,2025-02,2025,2,February,CUST8869,Customer CUST8869,26-35,Male,Hyderabad,Regalia,100000,Groceries,Swiggy,Credit Card,12023,0.0,24046,Paid,12023.0,26.19,0
TXN00038,2025-02-07,2025-02,2025,2,February,CUST7211,Customer CUST7211,36-45,Male,Mumbai,Millennia,200000,Bills & Utilities,BookMyShow,UPI AutoPay,14244,0.0,28488,Due,14244.0,8.55,0
TXN00498,2025-02-08,2025-02,2025,2,February,CUST9074,Customer CUST9074,36-45,Female,Pune,Regalia,300000,Fuel,Amazon,Credit Card,1547,27.85,1547,Due,1574.85,0.87,0
TXN00136,2025-02-08,2025-02,2025,2,February,CUST8247,Customer CUST8247,36-45,Female,Pune,Regalia,100000,Shopping,Flipkart,Credit Card,1578,15.78,6312,Overdue,1593.78,3.76,0
TXN00173,2025-02-09,2025-02,2025,2,February,CUST3230,Customer CUST3230,36-45,Female,Pune,Infinia,500000,Travel,Flipkart,UPI AutoPay,10998,109.98,21996,Due,11107.98,9.37,1
TXN00294,2025-02-10,2025-02,2025,2,February,CUST3299,Customer CUST3299,46-60,Male,Pune,Infinia,200000,Groceries,Amazon,NetBanking,21914,0.0,87656,Overdue,21914.0,44.14,1
TXN00166,2025-02-11,2025-02,2025,2,February,CUST9856,Customer CUST9856,36-45,Female,Delhi,Diners Black,500000,Dining,Amazon,NetBanking,18679,0.0,74716,Overdue,18679.0,13.85,0
TXN00076,2025-02-11,2025-02,2025,2,February,CUST1349,Customer CUST1349,18-25,Female,Chennai,Regalia,200000,Groceries,Flipkart,Credit Card,15100,0.0,60400,Overdue,15100.0,26.93,1
TXN00174,2025-02-11,2025-02,2025,2,February,CUST6339,Customer CUST6339,46-60,Female,Pune,Diners Black,800000,Bills & Utilities,DMart,UPI AutoPay,22972,413.5,45944,Paid,23385.5,11.85,1
TXN00082,2025-02-12,2025-02,2025,2,February,CUST3500,Customer CUST3500,46-60,Male,Kolkata,Millennia,300000,Shopping,Zomato,Credit Card,14184,141.84,56736,Paid,14325.84,11.81,0
TXN00315,2025-02-12,2025-02,2025,2,February,CUST5408,Customer CUST5408,26-35,Male,Pune,Millennia,300000,Fuel,BookMyShow,NetBanking,6048,60.48,12096,Paid,6108.48,3.78,1
TXN00216,2025-02-14,2025-02,2025,2,February,CUST4239,Customer CUST4239,46-60,Male,Pune,Millennia,100000,Fuel,Zomato,UPI AutoPay,19405,194.05,19405,Paid,19599.05,95.0,0
TXN00247,2025-02-17,2025-02,2025,2,February,CUST7857,Customer CUST7857,46-60,Female,Pune,Regalia,300000,Bills & Utilities,Swiggy,NetBanking,1034,18.61,2068,Overdue,1052.61,0.7,1
TXN00058,2025-02-17,2025-02,2025,2,February,CUST9167,Customer CUST9167,46-60,Male,Mumbai,Infinia,800000,Travel,Flipkart,UPI AutoPay,13741,0.0,13741,Overdue,13741.0,4.2,1
TXN00215,2025-02-18,2025-02,2025,2,February,CUST3290,Customer CUST3290,18-25,Male,Hyderabad,Infinia,500000,Bills & Utilities,Swiggy,Credit Card,18226,0.0,18226,Paid,18226.0,5.13,1
TXN00482,2025-02-19,2025-02,2025,2,February,CUST8145,Customer CUST8145,46-60,Male,Ahmedabad,Millennia,300000,Dining,Flipkart,Credit Card,6488,0.0,6488,Due,6488.0,6.18,1
TXN00114,2025-02-19,2025-02,2025,2,February,CUST8179,Customer CUST8179,18-25,Male,Pune,Infinia,100000,Entertainment,Zomato,Credit Card,24772,445.9,24772,Overdue,25217.9,38.92,0
TXN00489,2025-02-20,2025-02,2025,2,February,CUST6451,Customer CUST6451,46-60,Male,Mumbai,Diners Black,500000,Entertainment,Amazon,NetBanking,2824,28.24,5648,Due,2852.24,2.66,0
TXN00075,2025-02-21,2025-02,2025,2,February,CUST6942,Customer CUST6942,18-25,Female,Chennai,Millennia,500000,Bills & Utilities,Croma,NetBanking,12341,0.0,24682,Due,12341.0,11.85,0
TXN00186,2025-02-22,2025-02,2025,2,February,CUST4613,Customer CUST4613,36-45,Male,Hyderabad,MoneyBack,100000,Bills & Utilities,IRCTC,Credit Card,14744,147.44,14744,Overdue,14891.44,48.09,0
TXN00486,2025-02-22,2025-02,2025,2,February,CUST7943,Customer CUST7943,46-60,Male,Chennai,Infinia,100000,Groceries,IRCTC,Credit Card,16268,292.82,32536,Due,16560.82,36.86,0
TXN00064,2025-02-23,2025-02,2025,2,February,CUST6383,Customer CUST6383,46-60,Female,Bengaluru,Millennia,500000,Travel,BookMyShow,NetBanking,8884,88.84,35536,Paid,8972.84,6.4,0
TXN00244,2025-02-23,2025-02,2025,2,February,CUST4666,Customer CUST4666,36-45,Female,Mumbai,Millennia,800000,Travel,IRCTC,UPI AutoPay,4535,81.63,4535,Due,4616.63,2.38,0
TXN00403,2025-02-24,2025-02,2025,2,February,CUST8889,Customer CUST8889,18-25,Male,Pune,Millennia,300000,Groceries,Croma,UPI AutoPay,18817,188.17,75268,Due,19005.17,9.11,0
TXN00198,2025-02-25,2025-02,2025,2,February,CUST6759,Customer CUST6759,46-60,Female,Hyderabad,Regalia,800000,Groceries,Amazon,Credit Card,3492,0.0,3492,Due,3492.0,1.71,0
TXN00025,2025-02-25,2025-02,2025,2,February,CUST4644,Customer CUST4644,26-35,Female,Ahmedabad,Diners Black,100000,Dining,HP Fuel,UPI AutoPay,23179,0.0,46358,Paid,23179.0,95.0,1
TXN00326,2025-02-27,2025-02,2025,2,February,CUST2311,Customer CUST2311,26-35,Male,Bengaluru,Regalia,200000,Entertainment,DMart,Credit Card,956,0.0,3824,Paid,956.0,1.74,0
TXN00395,2025-02-27,2025-02,2025,2,February,CUST4411,Customer CUST4411,46-60,Female,Ahmedabad,Infinia,500000,Dining,HP Fuel,NetBanking,18155,0.0,36310,Overdue,18155.0,4.59,1
TXN00451,2025-02-28,2025-02,2025,2,February,CUST9606,Customer CUST9606,36-45,Male,Bengaluru,Infinia,300000,Fuel,DMart,Credit Card,3020,0.0,3020,Paid,3020.0,2.92,0
TXN00133,2025-03-04,2025-03,2025,3,March,CUST2020,Customer CUST2020,26-35,Male,Bengaluru,MoneyBack,800000,Bills & Utilities,Croma,UPI AutoPay,6881,68.81,27524,Overdue,6949.81,4.03,0
TXN00374,2025-03-05,2025-03,2025,3,March,CUST3155,Customer CUST3155,26-35,Male,Chennai,Diners Black,200000,Bills & Utilities,IRCTC,Credit Card,14822,148.22,59288,Due,14970.22,10.9,0
TXN00325,2025-03-07,2025-03,2025,3,March,CUST5773,Customer CUST5773,36-45,Female,Kolkata,Millennia,300000,Groceries,IRCTC,UPI AutoPay,5508,55.08,5508,Due,5563.08,4.16,0
TXN00017,2025-03-09,2025-03,2025,3,March,CUST1998,Customer CUST1998,36-45,Male,Hyderabad,Regalia,800000,Dining,Swiggy,NetBanking,9922,0.0,9922,Due,9922.0,4.89,1
TXN00080,2025-03-12,2025-03,2025,3,March,CUST2076,Customer CUST2076,26-35,Female,Delhi,MoneyBack,300000,Bills & Utilities,Croma,NetBanking,14734,0.0,14734,Due,14734.0,16.86,0
TXN00142,2025-03-13,2025-03,2025,3,March,CUST5064,Customer CUST5064,18-25,Female,Pune,Millennia,200000,Travel,DMart,Credit Card,22130,0.0,22130,Due,22130.0,32.2,0
TXN00189,2025-03-14,2025-03,2025,3,March,CUST5605,Customer CUST5605,26-35,Female,Bengaluru,Infinia,800000,Dining,IRCTC,UPI AutoPay,6970,0.0,6970,Overdue,6970.0,2.09,0
TXN00085,2025-03-15,2025-03,2025,3,March,CUST6062,Customer CUST6062,36-45,Female,Mumbai,Infinia,200000,Bills & Utilities,Swiggy,Credit Card,22923,229.23,22923,Paid,23152.23,23.99,0
TXN00265,2025-03-19,2025-03,2025,3,March,CUST1894,Customer CUST1894,18-25,Male,Ahmedabad,MoneyBack,500000,Shopping,Croma,UPI AutoPay,21948,395.06,87792,Due,22343.06,7.0,1
TXN00285,2025-03-19,2025-03,2025,3,March,CUST2036,Customer CUST2036,18-25,Male,Pune,Millennia,100000,Travel,HP Fuel,NetBanking,22262,0.0,89048,Paid,22262.0,79.38,0
TXN00230,2025-03-20,2025-03,2025,3,March,CUST9849,Customer CUST9849,36-45,Female,Bengaluru,Millennia,500000,Groceries,IRCTC,Credit Card,11049,0.0,11049,Paid,11049.0,8.37,0
TXN00255,2025-03-20,2025-03,2025,3,March,CUST4675,Customer CUST4675,26-35,Male,Bengaluru,Diners Black,500000,Travel,Swiggy,NetBanking,11971,0.0,11971,Overdue,11971.0,2.58,1
TXN00212,2025-03-21,2025-03,2025,3,March,CUST5455,Customer CUST5455,26-35,Male,Bengaluru,Regalia,300000,Shopping,Flipkart,Credit Card,8752,87.52,17504,Overdue,8839.52,6.63,0
TXN00431,2025-03-22,2025-03,2025,3,March,CUST4181,Customer CUST4181,36-45,Female,Bengaluru,Regalia,300000,Fuel,Flipkart,UPI AutoPay,15109,0.0,30218,Paid,15109.0,7.78,0
TXN00097,2025-03-25,2025-03,2025,3,March,CUST1857,Customer CUST1857,36-45,Male,Bengaluru,Diners Black,300000,Shopping,HP Fuel,Credit Card,9469,94.69,18938,Overdue,9563.69,11.73,0
TXN00340,2025-03-25,2025-03,2025,3,March,CUST1646,Customer CUST1646,46-60,Female,Ahmedabad,Millennia,200000,Bills & Utilities,Croma,UPI AutoPay,12578,125.78,50312,Overdue,12703.78,12.6,0
TXN00194,2025-03-27,2025-03,2025,3,March,CUST5489,Customer CUST5489,18-25,Female,Hyderabad,Millennia,300000,Travel,IRCTC,Credit Card,6829,122.92,6829,Due,6951.92,3.72,1
TXN00416,2025-03-28,2025-03,2025,3,March,CUST1307,Customer CUST1307,46-60,Male,Chennai,Millennia,300000,Groceries,Swiggy,Credit Card,2589,0.0,10356,Overdue,2589.0,3.55,0
TXN00330,2025-03-28,2025-03,2025,3,March,CUST3233,Customer CUST3233,36-45,Female,Chennai,Diners Black,100000,Travel,BookMyShow,NetBanking,8713,0.0,17426,Paid,8713.0,8.72,0
TXN00328,2025-03-29,2025-03,2025,3,March,CUST6328,Customer CUST6328,46-60,Female,Bengaluru,Regalia,300000,Fuel,Croma,UPI AutoPay,5790,0.0,5790,Overdue,5790.0,8.57,0
TXN00257,2025-03-30,2025-03,2025,3,March,CUST1152,Customer CUST1152,36-45,Female,Kolkata,Millennia,200000,Fuel,Zomato,NetBanking,8481,84.81,33924,Overdue,8565.81,7.73,0
TXN00354,2025-04-01,2025-04,2025,4,April,CUST8796,Customer CUST8796,18-25,Female,Delhi,Regalia,200000,Travel,IRCTC,Credit Card,9695,96.95,9695,Due,9791.95,11.37,0
TXN00218,2025-04-01,2025-04,2025,4,April,CUST8848,Customer CUST8848,18-25,Male,Bengaluru,Millennia,300000,Fuel,IRCTC,UPI AutoPay,20489,368.8,20489,Paid,20857.8,20.46,0
TXN00233,2025-04-01,2025-04,2025,4,April,CUST3476,Customer CUST3476,18-25,Male,Mumbai,Diners Black,300000,Travel,HP Fuel,NetBanking,15439,154.39,15439,Due,15593.39,16.76,1
TXN00151,2025-04-02,2025-04,2025,4,April,CUST1924,Customer CUST1924,26-35,Female,Mumbai,Regalia,200000,Bills & Utilities,Flipkart,NetBanking,1649,16.49,3298,Overdue,1665.49,2.6,0
TXN00364,2025-04-04,2025-04,2025,4,April,CUST6062,Customer CUST6062,26-35,Female,Bengaluru,Regalia,200000,Bills & Utilities,Amazon,NetBanking,4740,85.32,18960,Overdue,4825.32,10.55,1
TXN00323,2025-04-05,2025-04,2025,4,April,CUST7746,Customer CUST7746,18-25,Female,Pune,Diners Black,300000,Shopping,Flipkart,NetBanking,12006,216.11,48024,Overdue,12222.11,9.51,1
TXN00034,2025-04-05,2025-04,2025,4,April,CUST5499,Customer CUST5499,46-60,Male,Chennai,Regalia,500000,Entertainment,IRCTC,Credit Card,21094,210.94,84376,Due,21304.94,14.8,0
TXN00271,2025-04-06,2025-04,2025,4,April,CUST8091,Customer CUST8091,46-60,Male,Hyderabad,Infinia,800000,Fuel,Amazon,NetBanking,4611,46.11,4611,Paid,4657.11,2.27,0
TXN00095,2025-04-07,2025-04,2025,4,April,CUST9307,Customer CUST9307,46-60,Female,Mumbai,Millennia,100000,Shopping,Croma,NetBanking,9606,0.0,38424,Paid,9606.0,33.24,0
TXN00349,2025-04-08,2025-04,2025,4,April,CUST3213,Customer CUST3213,36-45,Male,Hyderabad,MoneyBack,800000,Groceries,IRCTC,Credit Card,23999,0.0,47998,Paid,23999.0,3.2,0
TXN00405,2025-04-09,2025-04,2025,4,April,CUST1578,Customer CUST1578,36-45,Female,Hyderabad,Infinia,300000,Bills & Utilities,Swiggy,NetBanking,11063,110.63,22126,Due,11173.63,7.95,1
TXN00005,2025-04-09,2025-04,2025,4,April,CUST2169,Customer CUST2169,26-35,Male,Pune,Regalia,300000,Shopping,Amazon,UPI AutoPay,11841,0.0,47364,Due,11841.0,15.03,0
TXN00342,2025-04-09,2025-04,2025,4,April,CUST4912,Customer CUST4912,36-45,Male,Mumbai,Infinia,800000,Travel,Croma,UPI AutoPay,24240,0.0,24240,Paid,24240.0,13.41,0
TXN00007,2025-04-14,2025-04,2025,4,April,CUST8019,Customer CUST8019,46-60,Female,Bengaluru,Diners Black,800000,Dining,Flipkart,Credit Card,8281,149.06,33124,Overdue,8430.06,2.12,0
TXN00245,2025-04-15,2025-04,2025,4,April,CUST2676,Customer CUST2676,18-25,Female,Chennai,Regalia,800000,Travel,Croma,NetBanking,10100,181.8,40400,Overdue,10281.8,3.27,0
TXN00043,2025-04-15,2025-04,2025,4,April,CUST9817,Customer CUST9817,46-60,Female,Bengaluru,MoneyBack,300000,Dining,DMart,NetBanking,24245,436.41,96980,Overdue,24681.41,27.99,0
TXN00067,2025-04-17,2025-04,2025,4,April,CUST3588,Customer CUST3588,18-25,Female,Chennai,MoneyBack,300000,Shopping,HP Fuel,NetBanking,22051,0.0,44102,Due,22051.0,27.27,0
TXN00217,2025-04-17,2025-04,2025,4,April,CUST7990,Customer CUST7990,26-35,Female,Mumbai,Regalia,500000,Fuel,Flipkart,Credit Card,14393,259.07,28786,Due,14652.07,3.22,0
TXN00181,2025-04-18,2025-04,2025,4,April,CUST4232,Customer CUST4232,46-60,Female,Ahmedabad,MoneyBack,500000,Bills & Utilities,DMart,Credit Card,6244,0.0,24976,Overdue,6244.0,3.22,1
TXN00250,2025-04-19,2025-04,2025,4,April,CUST4187,Customer CUST4187,18-25,Female,Delhi,MoneyBack,800000,Groceries,Croma,UPI AutoPay,20987,377.77,83948,Due,21364.77,3.37,0
TXN00154,2025-04-19,2025-04,2025,4,April,CUST5177,Customer CUST5177,26-35,Female,Mumbai,Infinia,200000,Travel,Zomato,UPI AutoPay,13848,249.26,55392,Due,14097.26,17.68,0
TXN00209,2025-04-20,2025-04,2025,4,April,CUST7718,Customer CUST7718,18-25,Male,Pune,Infinia,200000,Travel,Croma,UPI AutoPay,6603,118.85,26412,Overdue,6721.85,5.29,0
TXN00157,2025-04-22,2025-04,2025,4,April,CUST8692,Customer CUST8692,36-45,Male,Pune,Diners Black,500000,Shopping,HP Fuel,UPI AutoPay,11984,215.71,23968,Due,12199.71,3.34,0
TXN00120,2025-04-22,2025-04,2025,4,April,CUST3114,Customer CUST3114,46-60,Male,Pune,Regalia,200000,Entertainment,Zomato,NetBanking,18265,328.77,73060,Paid,18593.77,37.18,0
TXN00440,2025-04-26,2025-04,2025,4,April,CUST8501,Customer CUST8501,18-25,Male,Chennai,MoneyBack,100000,Fuel,DMart,Credit Card,12263,220.73,49052,Due,12483.73,21.5,0
TXN00201,2025-04-27,2025-04,2025,4,April,CUST1990,Customer CUST1990,46-60,Female,Delhi,Millennia,200000,Fuel,Croma,UPI AutoPay,2412,0.0,4824,Due,2412.0,1.4,0
TXN00073,2025-04-27,2025-04,2025,4,April,CUST8606,Customer CUST8606,36-45,Female,Mumbai,Infinia,100000,Fuel,Zomato,Credit Card,10948,197.06,10948,Paid,11145.06,38.77,0
TXN00138,2025-04-28,2025-04,2025,4,April,CUST4267,Customer CUST4267,36-45,Female,Delhi,Regalia,500000,Groceries,IRCTC,NetBanking,18233,0.0,36466,Paid,18233.0,10.61,0
TXN00327,2025-04-29,2025-04,2025,4,April,CUST3544,Customer CUST3544,18-25,Female,Mumbai,Millennia,100000,Entertainment,IRCTC,Credit Card,13209,237.76,13209,Paid,13446.76,27.08,0
TXN00047,2025-04-29,2025-04,2025,4,April,CUST5118,Customer CUST5118,26-35,Male,Pune,MoneyBack,500000,Bills & Utilities,Flipkart,UPI AutoPay,18235,182.35,36470,Paid,18417.35,7.6,1
TXN00410,2025-04-30,2025-04,2025,4,April,CUST6172,Customer CUST6172,18-25,Male,Chennai,Regalia,500000,Fuel,Croma,NetBanking,14445,0.0,28890,Due,14445.0,7.3,0
TXN00130,2025-04-30,2025-04,2025,4,April,CUST7438,Customer CUST7438,36-45,Female,Hyderabad,Regalia,800000,Fuel,Croma,NetBanking,17092,0.0,34184,Overdue,17092.0,4.86,0
TXN00442,2025-04-30,2025-04,2025,4,April,CUST1361,Customer CUST1361,26-35,Female,Pune,MoneyBack,300000,Travel,DMart,NetBanking,24373,438.71,24373,Due,24811.71,14.27,0
TXN00383,2025-04-30,2025-04,2025,4,April,CUST8577,Customer CUST8577,46-60,Male,Mumbai,Regalia,800000,Travel,Croma,UPI AutoPay,5291,95.24,10582,Overdue,5386.24,3.03,0
TXN00239,2025-05-01,2025-05,2025,5,May,CUST2609,Customer CUST2609,26-35,Male,Chennai,Diners Black,300000,Groceries,IRCTC,NetBanking,11271,112.71,22542,Due,11383.71,16.42,0
TXN00079,2025-05-02,2025-05,2025,5,May,CUST1710,Customer CUST1710,36-45,Female,Hyderabad,Diners Black,800000,Fuel,Swiggy,Credit Card,19653,0.0,39306,Due,19653.0,4.63,0
TXN00331,2025-05-03,2025-05,2025,5,May,CUST9981,Customer CUST9981,36-45,Male,Chennai,Millennia,200000,Entertainment,DMart,NetBanking,14304,143.04,57216,Due,14447.04,29.95,0
TXN00439,2025-05-04,2025-05,2025,5,May,CUST2038,Customer CUST2038,36-45,Female,Ahmedabad,Regalia,500000,Shopping,BookMyShow,UPI AutoPay,11757,117.57,47028,Overdue,11874.57,4.96,0
TXN00299,2025-05-05,2025-05,2025,5,May,CUST3095,Customer CUST3095,26-35,Male,Hyderabad,Regalia,100000,Fuel,Croma,Credit Card,5483,98.69,10966,Overdue,5581.69,10.83,1
TXN00435,2025-05-05,2025-05,2025,5,May,CUST7662,Customer CUST7662,26-35,Male,Delhi,MoneyBack,100000,Travel,HP Fuel,UPI AutoPay,8081,0.0,32324,Paid,8081.0,30.49,0
TXN00314,2025-05-08,2025-05,2025,5,May,CUST7757,Customer CUST7757,36-45,Male,Delhi,Diners Black,200000,Groceries,IRCTC,Credit Card,12739,229.3,12739,Due,12968.3,26.76,0
TXN00317,2025-05-08,2025-05,2025,5,May,CUST9374,Customer CUST9374,36-45,Female,Pune,Infinia,500000,Shopping,Flipkart,NetBanking,16333,293.99,32666,Paid,16626.99,5.66,0
TXN00264,2025-05-09,2025-05,2025,5,May,CUST1202,Customer CUST1202,26-35,Female,Hyderabad,Millennia,300000,Travel,Croma,NetBanking,14640,0.0,14640,Overdue,14640.0,17.67,0
TXN00295,2025-05-10,2025-05,2025,5,May,CUST1701,Customer CUST1701,26-35,Female,Pune,Millennia,300000,Dining,DMart,UPI AutoPay,16179,0.0,16179,Due,16179.0,13.36,0
TXN00361,2025-05-11,2025-05,2025,5,May,CUST9673,Customer CUST9673,36-45,Female,Delhi,Regalia,100000,Dining,BookMyShow,UPI AutoPay,16605,166.05,66420,Overdue,16771.05,19.25,1
TXN00443,2025-05-12,2025-05,2025,5,May,CUST4715,Customer CUST4715,46-60,Female,Hyderabad,MoneyBack,200000,Shopping,IRCTC,Credit Card,18787,0.0,37574,Paid,18787.0,39.05,0
TXN00037,2025-05-14,2025-05,2025,5,May,CUST7624,Customer CUST7624,26-35,Female,Ahmedabad,Diners Black,300000,Travel,Amazon,NetBanking,16113,0.0,32226,Overdue,16113.0,19.74,0
TXN00422,2025-05-15,2025-05,2025,5,May,CUST1818,Customer CUST1818,36-45,Male,Mumbai,MoneyBack,200000,Fuel,BookMyShow,NetBanking,1700,0.0,6800,Paid,1700.0,0.9,0
TXN00191,2025-05-16,2025-05,2025,5,May,CUST2525,Customer CUST2525,46-60,Female,Bengaluru,Infinia,500000,Bills & Utilities,HP Fuel,UPI AutoPay,9005,162.09,18010,Due,9167.09,5.06,0
TXN00117,2025-05-17,2025-05,2025,5,May,CUST6236,Customer CUST6236,36-45,Male,Ahmedabad,Millennia,500000,Dining,Croma,NetBanking,2626,26.26,2626,Due,2652.26,2.62,0
TXN00453,2025-05-20,2025-05,2025,5,May,CUST8742,Customer CUST8742,18-25,Female,Hyderabad,Regalia,300000,Groceries,DMart,Credit Card,280,0.0,560,Due,280.0,0.45,1
TXN00375,2025-05-25,2025-05,2025,5,May,CUST8239,Customer CUST8239,18-25,Male,Mumbai,Infinia,500000,Travel,Flipkart,NetBanking,7994,0.0,31976,Due,7994.0,4.5,1
TXN00335,2025-05-25,2025-05,2025,5,May,CUST7429,Customer CUST7429,18-25,Female,Pune,MoneyBack,200000,Bills & Utilities,Amazon,Credit Card,1239,12.39,1239,Due,1251.39,0.76,0
TXN00159,2025-05-26,2025-05,2025,5,May,CUST6770,Customer CUST6770,26-35,Male,Pune,Diners Black,500000,Entertainment,Croma,UPI AutoPay,16211,291.8,64844,Paid,16502.8,9.22,0
TXN00468,2025-05-26,2025-05,2025,5,May,CUST7626,Customer CUST7626,46-60,Female,Chennai,Infinia,300000,Fuel,Amazon,UPI AutoPay,9144,164.59,18288,Paid,9308.59,8.85,0
TXN00167,2025-05-27,2025-05,2025,5,May,CUST7499,Customer CUST7499,36-45,Male,Pune,Millennia,300000,Groceries,IRCTC,UPI AutoPay,14522,0.0,14522,Due,14522.0,16.56,1
TXN00090,2025-05-27,2025-05,2025,5,May,CUST2275,Customer CUST2275,36-45,Female,Pune,Millennia,100000,Travel,DMart,NetBanking,24515,0.0,49030,Overdue,24515.0,69.6,0
TXN00235,2025-05-29,2025-05,2025,5,May,CUST3067,Customer CUST3067,18-25,Female,Bengaluru,Millennia,200000,Entertainment,Zomato,NetBanking,14914,0.0,14914,Due,14914.0,31.57,1
TXN00122,2025-05-29,2025-05,2025,5,May,CUST6531,Customer CUST6531,18-25,Male,Bengaluru,Infinia,800000,Fuel,Zomato,Credit Card,5252,0.0,21008,Overdue,5252.0,2.55,0
TXN00479,2025-05-31,2025-05,2025,5,May,CUST9443,Customer CUST9443,46-60,Male,Chennai,MoneyBack,500000,Bills & Utilities,Swiggy,NetBanking,17893,178.93,17893,Overdue,18071.93,9.34,1
TXN00280,2025-06-01,2025-06,2025,6,June,CUST4495,Customer CUST4495,36-45,Female,Bengaluru,MoneyBack,300000,Fuel,HP Fuel,UPI AutoPay,17797,177.97,17797,Paid,17974.97,11.18,0
TXN00020,2025-06-02,2025-06,2025,6,June,CUST9900,Customer CUST9900,36-45,Male,Chennai,Regalia,300000,Shopping,Croma,UPI AutoPay,2454,0.0,4908,Overdue,2454.0,1.33,0
TXN00268,2025-06-04,2025-06,2025,6,June,CUST8751,Customer CUST8751,36-45,Female,Ahmedabad,MoneyBack,500000,Shopping,Zomato,Credit Card,12106,0.0,12106,Overdue,12106.0,5.64,1
TXN00449,2025-06-08,2025-06,2025,6,June,CUST6915,Customer CUST6915,46-60,Male,Kolkata,Regalia,800000,Travel,DMart,UPI AutoPay,10612,191.02,42448,Due,10803.02,6.33,0
TXN00298,2025-06-10,2025-06,2025,6,June,CUST2938,Customer CUST2938,26-35,Female,Chennai,Regalia,800000,Dining,HP Fuel,NetBanking,6324,0.0,12648,Paid,6324.0,3.06,0
TXN00190,2025-06-10,2025-06,2025,6,June,CUST3174,Customer CUST3174,26-35,Male,Delhi,Regalia,200000,Entertainment,HP Fuel,Credit Card,13687,0.0,27374,Overdue,13687.0,26.04,0
TXN00107,2025-06-11,2025-06,2025,6,June,CUST7825,Customer CUST7825,26-35,Male,Ahmedabad,Regalia,300000,Shopping,Croma,UPI AutoPay,14265,0.0,57060,Paid,14265.0,9.33,0
TXN00322,2025-06-13,2025-06,2025,6,June,CUST3676,Customer CUST3676,18-25,Male,Pune,MoneyBack,100000,Shopping,IRCTC,UPI AutoPay,8423,151.61,33692,Overdue,8574.61,21.85,0
TXN00371,2025-06-13,2025-06,2025,6,June,CUST9952,Customer CUST9952,26-35,Female,Bengaluru,MoneyBack,800000,Entertainment,DMart,UPI AutoPay,21371,213.71,21371,Due,21584.71,3.88,0
TXN00297,2025-06-13,2025-06,2025,6,June,CUST8898,Customer CUST8898,18-25,Male,Chennai,MoneyBack,300000,Dining,BookMyShow,Credit Card,17120,171.2,34240,Paid,17291.2,16.82,0
TXN00196,2025-06-15,2025-06,2025,6,June,CUST8826,Customer CUST8826,18-25,Male,Hyderabad,Millennia,500000,Groceries,DMart,Credit Card,22993,229.93,22993,Overdue,23222.93,17.36,0
TXN00112,2025-06-15,2025-06,2025,6,June,CUST3956,Customer CUST3956,36-45,Female,Chennai,Millennia,800000,Bills & Utilities,Zomato,Credit Card,14110,0.0,28220,Due,14110.0,8.78,0
TXN00404,2025-06-19,2025-06,2025,6,June,CUST9834,Customer CUST9834,36-45,Male,Delhi,Regalia,100000,Travel,HP Fuel,NetBanking,20865,375.57,83460,Paid,21240.57,77.96,0
TXN00092,2025-06-20,2025-06,2025,6,June,CUST3754,Customer CUST3754,18-25,Male,Delhi,MoneyBack,200000,Entertainment,Croma,NetBanking,10367,186.61,20734,Paid,10553.61,12.09,0
TXN00160,2025-06-20,2025-06,2025,6,June,CUST4791,Customer CUST4791,18-25,Male,Mumbai,Millennia,500000,Entertainment,Swiggy,Credit Card,22096,0.0,22096,Overdue,22096.0,6.85,0
TXN00318,2025-06-22,2025-06,2025,6,June,CUST3863,Customer CUST3863,46-60,Male,Kolkata,MoneyBack,500000,Fuel,Croma,UPI AutoPay,1267,22.81,2534,Due,1289.81,1.13,0
TXN00134,2025-06-22,2025-06,2025,6,June,CUST5331,Customer CUST5331,46-60,Male,Kolkata,Diners Black,800000,Dining,Flipkart,UPI AutoPay,15262,274.72,30524,Overdue,15536.72,4.61,0
TXN00081,2025-06-27,2025-06,2025,6,June,CUST4522,Customer CUST4522,46-60,Female,Chennai,MoneyBack,100000,Fuel,Flipkart,UPI AutoPay,20038,200.38,20038,Due,20238.38,88.39,0
TXN00071,2025-06-27,2025-06,2025,6,June,CUST8673,Customer CUST8673,18-25,Male,Chennai,Regalia,300000,Shopping,Flipkart,NetBanking,15989,159.89,63956,Overdue,16148.89,22.47,0
TXN00303,2025-06-28,2025-06,2025,6,June,CUST8069,Customer CUST8069,46-60,Female,Delhi,Millennia,800000,Travel,Swiggy,NetBanking,21806,0.0,87224,Overdue,21806.0,11.75,0
TXN00446,2025-06-30,2025-06,2025,6,June,CUST3556,Customer CUST3556,18-25,Female,Chennai,Millennia,500000,Groceries,IRCTC,UPI AutoPay,13456,134.56,13456,Due,13590.56,12.68,1
TXN00221,2025-06-30,2025-06,2025,6,June,CUST6210,Customer CUST6210,36-45,Male,Mumbai,Regalia,200000,Fuel,HP Fuel,NetBanking,12927,129.27,12927,Overdue,13056.27,12.58,1
TXN00392,2025-06-30,2025-06,2025,6,June,CUST6085,Customer CUST6085,46-60,Female,Delhi,MoneyBack,500000,Fuel,Flipkart,Credit Card,4518,0.0,18072,Paid,4518.0,1.26,0
TXN00162,2025-07-02,2025-07,2025,7,July,CUST2578,Customer CUST2578,26-35,Male,Chennai,Millennia,200000,Fuel,Flipkart,NetBanking,23067,415.21,46134,Overdue,23482.21,16.47,0
TXN00155,2025-07-02,2025-07,2025,7,July,CUST2192,Customer CUST2192,26-35,Male,Ahmedabad,Millennia,800000,Shopping,BookMyShow,Credit Card,12559,226.06,50236,Due,12785.06,1.82,0
TXN00283,2025-07-04,2025-07,2025,7,July,CUST4368,Customer CUST4368,46-60,Male,Mumbai,Millennia,500000,Dining,Amazon,Credit Card,22165,398.97,22165,Due,22563.97,19.25,0
TXN00282,2025-07-07,2025-07,2025,7,July,CUST5856,Customer CUST5856,26-35,Female,Chennai,Millennia,500000,Fuel,Croma,Credit Card,12486,224.75,49944,Paid,12710.75,7.36,1
TXN00471,2025-07-09,2025-07,2025,7,July,CUST6153,Customer CUST6153,46-60,Female,Pune,Infinia,100000,Fuel,BookMyShow,Credit Card,779,0.0,1558,Paid,779.0,1.97,1
TXN00175,2025-07-12,2025-07,2025,7,July,CUST5773,Customer CUST5773,18-25,Female,Bengaluru,Infinia,200000,Groceries,BookMyShow,Credit Card,24029,240.29,96116,Overdue,24269.29,33.09,0
TXN00228,2025-07-13,2025-07,2025,7,July,CUST2207,Customer CUST2207,18-25,Female,Kolkata,Millennia,200000,Entertainment,Swiggy,UPI AutoPay,15911,286.4,63644,Due,16197.4,13.13,0
TXN00273,2025-07-14,2025-07,2025,7,July,CUST6657,Customer CUST6657,26-35,Male,Pune,Infinia,800000,Bills & Utilities,Croma,NetBanking,7321,0.0,7321,Overdue,7321.0,3.53,0
TXN00343,2025-07-18,2025-07,2025,7,July,CUST9572,Customer CUST9572,18-25,Male,Bengaluru,Infinia,300000,Shopping,Amazon,Credit Card,10770,107.7,43080,Paid,10877.7,5.18,1
TXN00119,2025-07-18,2025-07,2025,7,July,CUST7708,Customer CUST7708,18-25,Male,Bengaluru,Infinia,500000,Groceries,HP Fuel,NetBanking,2354,23.54,4708,Paid,2377.54,1.46,0
TXN00234,2025-07-20,2025-07,2025,7,July,CUST4860,Customer CUST4860,46-60,Female,Mumbai,MoneyBack,500000,Entertainment,Zomato,UPI AutoPay,17323,173.23,69292,Overdue,17496.23,11.4,0
TXN00419,2025-07-21,2025-07,2025,7,July,CUST6886,Customer CUST6886,46-60,Male,Mumbai,MoneyBack,500000,Bills & Utilities,BookMyShow,NetBanking,6458,64.58,25832,Paid,6522.58,5.92,1
TXN00029,2025-07-21,2025-07,2025,7,July,CUST5930,Customer CUST5930,46-60,Male,Bengaluru,Regalia,200000,Travel,IRCTC,UPI AutoPay,21988,219.88,87952,Paid,22207.88,38.06,0
TXN00185,2025-07-22,2025-07,2025,7,July,CUST6882,Customer CUST6882,18-25,Female,Bengaluru,MoneyBack,500000,Shopping,Amazon,Credit Card,4797,0.0,9594,Due,4797.0,3.34,0
TXN00046,2025-07-22,2025-07,2025,7,July,CUST4630,Customer CUST4630,46-60,Male,Ahmedabad,MoneyBack,100000,Bills & Utilities,IRCTC,NetBanking,23525,235.25,47050,Overdue,23760.25,32.28,0
TXN00384,2025-07-22,2025-07,2025,7,July,CUST5595,Customer CUST5595,18-25,Female,Mumbai,Regalia,100000,Fuel,DMart,NetBanking,22662,226.62,45324,Overdue,22888.62,95.0,1
TXN00170,2025-07-24,2025-07,2025,7,July,CUST6315,Customer CUST6315,46-60,Male,Kolkata,Millennia,100000,Groceries,IRCTC,UPI AutoPay,3136,31.36,12544,Due,3167.36,10.62,0
TXN00072,2025-07-24,2025-07,2025,7,July,CUST7038,Customer CUST7038,36-45,Female,Pune,Millennia,800000,Entertainment,HP Fuel,Credit Card,13129,0.0,26258,Overdue,13129.0,2.45,1
TXN00472,2025-07-24,2025-07,2025,7,July,CUST2792,Customer CUST2792,46-60,Female,Chennai,Regalia,500000,Travel,BookMyShow,NetBanking,14312,0.0,28624,Paid,14312.0,8.44,0
TXN00006,2025-07-24,2025-07,2025,7,July,CUST2084,Customer CUST2084,26-35,Female,Ahmedabad,Diners Black,300000,Entertainment,Flipkart,NetBanking,2032,0.0,2032,Due,2032.0,1.76,0
TXN00051,2025-07-25,2025-07,2025,7,July,CUST8253,Customer CUST8253,36-45,Female,Kolkata,Infinia,500000,Fuel,IRCTC,NetBanking,20464,0.0,81856,Overdue,20464.0,11.47,0
TXN00427,2025-07-25,2025-07,2025,7,July,CUST9842,Customer CUST9842,26-35,Female,Ahmedabad,Regalia,300000,Groceries,Flipkart,UPI AutoPay,17573,0.0,70292,Paid,17573.0,26.07,1
TXN00171,2025-07-26,2025-07,2025,7,July,CUST5933,Customer CUST5933,36-45,Female,Ahmedabad,Infinia,200000,Fuel,Amazon,Credit Card,5756,103.61,11512,Paid,5859.61,4.48,0
TXN00249,2025-07-26,2025-07,2025,7,July,CUST6031,Customer CUST6031,46-60,Female,Bengaluru,Diners Black,200000,Bills & Utilities,HP Fuel,UPI AutoPay,3126,0.0,6252,Overdue,3126.0,6.22,0
TXN00281,2025-07-28,2025-07,2025,7,July,CUST4994,Customer CUST4994,18-25,Female,Mumbai,Millennia,800000,Bills & Utilities,DMart,Credit Card,11537,115.37,11537,Due,11652.37,6.74,0
TXN00137,2025-07-29,2025-07,2025,7,July,CUST9700,Customer CUST9700,26-35,Male,Chennai,Regalia,200000,Groceries,Swiggy,Credit Card,20374,366.73,81496,Due,20740.73,20.07,0
TXN00131,2025-07-30,2025-07,2025,7,July,CUST6040,Customer CUST6040,18-25,Female,Chennai,MoneyBack,100000,Entertainment,IRCTC,NetBanking,745,7.45,1490,Overdue,752.45,3.67,1
TXN00222,2025-07-30,2025-07,2025,7,July,CUST4811,Customer CUST4811,26-35,Male,Ahmedabad,MoneyBack,100000,Fuel,Croma,UPI AutoPay,10327,0.0,20654,Paid,10327.0,14.06,0
TXN00158,2025-07-30,2025-07,2025,7,July,CUST5836,Customer CUST5836,26-35,Male,Ahmedabad,Regalia,800000,Groceries,HP Fuel,Credit Card,8745,157.41,34980,Due,8902.41,4.24,1
TXN00447,2025-08-01,2025-08,2025,8,August,CUST2914,Customer CUST2914,36-45,Male,Hyderabad,Diners Black,100000,Bills & Utilities,DMart,NetBanking,3880,69.84,7760,Paid,3949.84,6.04,0
TXN00094,2025-08-01,2025-08,2025,8,August,CUST5500,Customer CUST5500,18-25,Female,Pune,Diners Black,500000,Dining,Croma,Credit Card,14610,0.0,29220,Due,14610.0,10.3,0
TXN00042,2025-08-02,2025-08,2025,8,August,CUST6590,Customer CUST6590,18-25,Female,Mumbai,Diners Black,100000,Fuel,BookMyShow,Credit Card,14237,256.27,28474,Due,14493.27,43.05,0
TXN00226,2025-08-02,2025-08,2025,8,August,CUST6234,Customer CUST6234,26-35,Male,Delhi,MoneyBack,200000,Dining,HP Fuel,UPI AutoPay,11051,198.92,11051,Paid,11249.92,13.19,0
TXN00165,2025-08-03,2025-08,2025,8,August,CUST1539,Customer CUST1539,26-35,Female,Hyderabad,Diners Black,800000,Groceries,Swiggy,Credit Card,2636,47.45,5272,Overdue,2683.45,1.07,1
TXN00432,2025-08-05,2025-08,2025,8,August,CUST6629,Customer CUST6629,26-35,Female,Mumbai,Diners Black,500000,Dining,Amazon,NetBanking,3840,38.4,7680,Overdue,3878.4,1.29,1
TXN00385,2025-08-07,2025-08,2025,8,August,CUST5448,Customer CUST5448,46-60,Male,Kolkata,Regalia,300000,Fuel,BookMyShow,Credit Card,4028,40.28,16112,Due,4068.28,5.15,0
TXN00238,2025-08-08,2025-08,2025,8,August,CUST7581,Customer CUST7581,18-25,Female,Hyderabad,Millennia,800000,Dining,HP Fuel,NetBanking,9224,92.24,9224,Paid,9316.24,3.96,0
TXN00096,2025-08-08,2025-08,2025,8,August,CUST6626,Customer CUST6626,18-25,Male,Ahmedabad,Diners Black,100000,Fuel,Swiggy,Credit Card,15785,284.13,15785,Overdue,16069.13,44.23,0
TXN00406,2025-08-09,2025-08,2025,8,August,CUST3077,Customer CUST3077,18-25,Female,Mumbai,Diners Black,300000,Entertainment,IRCTC,Credit Card,24362,438.52,24362,Overdue,24800.52,23.87,0
TXN00139,2025-08-10,2025-08,2025,8,August,CUST3880,Customer CUST3880,18-25,Female,Ahmedabad,Infinia,500000,Bills & Utilities,BookMyShow,Credit Card,23895,0.0,23895,Overdue,23895.0,21.64,0
TXN00445,2025-08-11,2025-08,2025,8,August,CUST6192,Customer CUST6192,36-45,Male,Bengaluru,MoneyBack,800000,Shopping,HP Fuel,UPI AutoPay,12313,0.0,12313,Overdue,12313.0,5.89,1
TXN00356,2025-08-12,2025-08,2025,8,August,CUST6644,Customer CUST6644,18-25,Female,Delhi,Millennia,300000,Bills & Utilities,Amazon,UPI AutoPay,13752,137.52,27504,Overdue,13889.52,8.08,0
TXN00480,2025-08-13,2025-08,2025,8,August,CUST8106,Customer CUST8106,18-25,Male,Hyderabad,Regalia,800000,Bills & Utilities,HP Fuel,UPI AutoPay,24520,245.2,49040,Paid,24765.2,12.98,1
TXN00398,2025-08-14,2025-08,2025,8,August,CUST5989,Customer CUST5989,46-60,Female,Hyderabad,Regalia,800000,Dining,Zomato,NetBanking,22531,225.31,45062,Paid,22756.31,11.77,0
TXN00152,2025-08-14,2025-08,2025,8,August,CUST5508,Customer CUST5508,18-25,Male,Pune,Regalia,200000,Shopping,DMart,NetBanking,4894,88.09,19576,Due,4982.09,6.49,0
TXN00433,2025-08-14,2025-08,2025,8,August,CUST8581,Customer CUST8581,36-45,Male,Ahmedabad,Millennia,800000,Travel,DMart,NetBanking,17297,172.97,17297,Paid,17469.97,6.26,1
TXN00462,2025-08-16,2025-08,2025,8,August,CUST2119,Customer CUST2119,18-25,Male,Pune,Diners Black,200000,Dining,Croma,Credit Card,16604,298.87,66416,Overdue,16902.87,25.07,1
TXN00030,2025-08-16,2025-08,2025,8,August,CUST3780,Customer CUST3780,18-25,Female,Pune,MoneyBack,800000,Travel,Croma,NetBanking,14688,264.38,14688,Overdue,14952.38,5.31,0
TXN00192,2025-08-18,2025-08,2025,8,August,CUST9756,Customer CUST9756,46-60,Male,Mumbai,Millennia,300000,Bills & Utilities,DMart,Credit Card,15222,274.0,60888,Due,15496.0,22.33,0
TXN00224,2025-08-23,2025-08,2025,8,August,CUST8982,Customer CUST8982,36-45,Male,Delhi,Diners Black,500000,Shopping,Croma,NetBanking,10771,0.0,10771,Overdue,10771.0,8.98,0
